USE QuanLyNhanSu;

INSERT NhomQuyen (maNhomQuyen, tenNhomQuyen) VALUES (N'ADMIN1', N'Quản trị viên 1');
INSERT NhomQuyen (maNhomQuyen, tenNhomQuyen) VALUES (N'ADMIN2', N'Quản trị viên 2');
INSERT NhomQuyen (maNhomQuyen, tenNhomQuyen) VALUES (N'NHANVIEN1', N'Nhân viên loại 1');
INSERT NhomQuyen (maNhomQuyen, tenNhomQuyen) VALUES (N'NHANVIEN2', N'Nhân viên loại 2');
INSERT NhomQuyen (maNhomQuyen, tenNhomQuyen) VALUES (N'NHANVIEN3', N'Nhân viên loại 3');
INSERT NhomQuyen (maNhomQuyen, tenNhomQuyen) VALUES (N'QUANLY1', N'Quản lý 1');

INSERT TaiKhoan (maTaiKhoan, username, pass,   maNhomQuyen, avatar) VALUES (N'000', N'000', N'000',   N'NHANVIEN2', N'none_user.jpg');
INSERT TaiKhoan (maTaiKhoan, username, pass,   maNhomQuyen, avatar) VALUES (N'002', N'002', N'abc12345',   N'ADMIN2', N'none_user.jpg');
INSERT TaiKhoan (maTaiKhoan, username, pass,   maNhomQuyen, avatar) VALUES (N'003', N'003', N'003',   N'ADMIN2', N'none_user.jpg');
INSERT TaiKhoan (maTaiKhoan, username, pass,   maNhomQuyen, avatar) VALUES (N'004', N'004', N'004',   N'NHANVIEN1', N'none_user.jpg');
INSERT TaiKhoan (maTaiKhoan, username, pass,   maNhomQuyen, avatar) VALUES (N'007', N'007', N'NV001',   N'NHANVIEN1', N'none_user.jpg');
INSERT TaiKhoan (maTaiKhoan, username, pass,   maNhomQuyen, avatar) VALUES (N'008', N'008', N'008008',   N'QUANLY1', N'none_user.jpg');
INSERT TaiKhoan (maTaiKhoan, username, pass,   maNhomQuyen, avatar) VALUES (N'009', N'009', N'NV001',   N'NHANVIEN2', N'none_user.jpg');
INSERT TaiKhoan (maTaiKhoan, username, pass,   maNhomQuyen, avatar) VALUES (N'011', N'011', N'NV011',  N'NHANVIEN2', N'none_user.jpg');
INSERT TaiKhoan (maTaiKhoan, username, pass,   maNhomQuyen, avatar) VALUES (N'012', N'012', N'012',   N'NHANVIEN1', N'none_user.jpg');
INSERT TaiKhoan (maTaiKhoan, username, pass,   maNhomQuyen, avatar) VALUES (N'014', N'014', N'NV001',  N'NHANVIEN3', N'none_user.jpg');
INSERT TaiKhoan (maTaiKhoan, username, pass,   maNhomQuyen, avatar) VALUES (N'016', N'016', N'016',   N'ADMIN1', N'none_user.jpg');
INSERT TaiKhoan (maTaiKhoan, username, pass,   maNhomQuyen, avatar) VALUES (N'017', N'017', N'017',   N'NHANVIEN2', N'none_user.jpg');
INSERT TaiKhoan (maTaiKhoan, username, pass,   maNhomQuyen, avatar) VALUES (N'022', N'022', N'022',   N'ADMIN2', N'none_user.jpg');
INSERT TaiKhoan (maTaiKhoan, username, pass,   maNhomQuyen, avatar) VALUES (N'023', N'023', N'023',   N'NHANVIEN2', N'none_user.jpg');
INSERT TaiKhoan (maTaiKhoan, username, pass,   maNhomQuyen, avatar) VALUES (N'024', N'024', N'024',   N'ADMIN2', N'none_user.jpg');
INSERT TaiKhoan (maTaiKhoan, username, pass,   maNhomQuyen, avatar) VALUES (N'025', N'025', N'025',   N'NHANVIEN2', N'none_user.jpg');
INSERT TaiKhoan (maTaiKhoan, username, pass,   maNhomQuyen, avatar) VALUES (N'033', N'033', N'033',   N'NHANVIEN1', N'none_user.jpg');
INSERT TaiKhoan (maTaiKhoan, username, pass,   maNhomQuyen, avatar) VALUES (N'034', N'034', N'034',   N'NHANVIEN3', N'none_user.jpg');
INSERT TaiKhoan (maTaiKhoan, username, pass,   maNhomQuyen, avatar) VALUES (N'043', N'043', N'043',   N'NHANVIEN3', N'none_user.jpg');
INSERT TaiKhoan (maTaiKhoan, username, pass,   maNhomQuyen, avatar) VALUES (N'045', N'045', N'045',   N'NHANVIEN2', N'none_user.jpg');
INSERT TaiKhoan (maTaiKhoan, username, pass,   maNhomQuyen, avatar) VALUES (N'061', N'061', N'061',   N'NHANVIEN1', N'none_user.jpg');
INSERT TaiKhoan (maTaiKhoan, username, pass,   maNhomQuyen, avatar) VALUES (N'062', N'062', N'062',   N'NHANVIEN3', N'none_user.jpg');
INSERT TaiKhoan (maTaiKhoan, username, pass,   maNhomQuyen, avatar) VALUES (N'067', N'067', N'067',   N'NHANVIEN2', N'none_user.jpg');
INSERT TaiKhoan (maTaiKhoan, username, pass,   maNhomQuyen, avatar) VALUES (N'068', N'068', N'068',   N'NHANVIEN2', N'none_user.jpg');
INSERT TaiKhoan (maTaiKhoan, username, pass,   maNhomQuyen, avatar) VALUES (N'069', N'069', N'123123',   N'ADMIN1', N'none_user.jpg');
INSERT TaiKhoan (maTaiKhoan, username, pass,   maNhomQuyen, avatar) VALUES (N'070', N'070', N'070070',   N'NHANVIEN1', N'none_user.jpg');
INSERT TaiKhoan (maTaiKhoan, username, pass,   maNhomQuyen, avatar) VALUES (N'071', N'071', N'071',   N'NHANVIEN2', N'none_user.jpg');
INSERT TaiKhoan (maTaiKhoan, username, pass,   maNhomQuyen, avatar) VALUES (N'073', N'073', N'073',   N'NHANVIEN1', N'none_user.jpg');
INSERT TaiKhoan (maTaiKhoan, username, pass,   maNhomQuyen, avatar) VALUES (N'074', N'074', N'074',   N'NHANVIEN2', N'none_user.jpg');
INSERT TaiKhoan (maTaiKhoan, username, pass,   maNhomQuyen, avatar) VALUES (N'075', N'075', N'075',   N'NHANVIEN2', N'none_user.jpg');
INSERT TaiKhoan (maTaiKhoan, username, pass,   maNhomQuyen, avatar) VALUES (N'076', N'076', N'076',   N'NHANVIEN3', N'none_user.jpg');
INSERT TaiKhoan (maTaiKhoan, username, pass,   maNhomQuyen, avatar) VALUES (N'077', N'077', N'077',   N'NHANVIEN2', N'none_user.jpg');
INSERT TaiKhoan (maTaiKhoan, username, pass,   maNhomQuyen, avatar) VALUES (N'078', N'078', N'078',   N'NHANVIEN3', N'none_user.jpg');
INSERT TaiKhoan (maTaiKhoan, username, pass,   maNhomQuyen, avatar) VALUES (N'079', N'079', N'079',   N'NHANVIEN2', N'none_user.jpg');
INSERT TaiKhoan (maTaiKhoan, username, pass,   maNhomQuyen, avatar) VALUES (N'080', N'080', N'080',   N'NHANVIEN3', N'none_user.jpg');
INSERT TaiKhoan (maTaiKhoan, username, pass,   maNhomQuyen, avatar) VALUES (N'085', N'085', N'085',   N'NHANVIEN2', N'none_user.jpg');
INSERT TaiKhoan (maTaiKhoan, username, pass,   maNhomQuyen, avatar) VALUES (N'086', N'086', N'086',   N'NHANVIEN1', N'none_user.jpg');
INSERT TaiKhoan (maTaiKhoan, username, pass,   maNhomQuyen, avatar) VALUES (N'087', N'087', N'087',   N'NHANVIEN2', N'none_user.jpg');
INSERT TaiKhoan (maTaiKhoan, username, pass,   maNhomQuyen, avatar) VALUES (N'089', N'089', N'089',   N'NHANVIEN3', N'none_user.jpg');
INSERT TaiKhoan (maTaiKhoan, username, pass,   maNhomQuyen, avatar) VALUES (N'090', N'090', N'090',   N'NHANVIEN2', N'none_user.jpg');
INSERT TaiKhoan (maTaiKhoan, username, pass,   maNhomQuyen, avatar) VALUES (N'091', N'091', N'091',   N'NHANVIEN1', N'none_user.jpg');
INSERT TaiKhoan (maTaiKhoan, username, pass,   maNhomQuyen, avatar) VALUES (N'092', N'092', N'092',   N'NHANVIEN3', N'none_user.jpg');
INSERT TaiKhoan (maTaiKhoan, username, pass,   maNhomQuyen, avatar) VALUES (N'094', N'094', N'094',   N'NHANVIEN2', N'none_user.jpg');
INSERT TaiKhoan (maTaiKhoan, username, pass,   maNhomQuyen, avatar) VALUES (N'095', N'095', N'095',   N'NHANVIEN3', N'none_user.jpg');
INSERT TaiKhoan (maTaiKhoan, username, pass,   maNhomQuyen, avatar) VALUES (N'097', N'097', N'097',   N'NHANVIEN1', N'none_user.jpg');
INSERT TaiKhoan (maTaiKhoan, username, pass,   maNhomQuyen, avatar) VALUES (N'099', N'099', N'099',   N'NHANVIEN3', N'none_user.jpg');
INSERT TaiKhoan (maTaiKhoan, username, pass,   maNhomQuyen, avatar) VALUES (N'110', N'110', N'110',   N'NHANVIEN2', N'none_user.jpg');
INSERT TaiKhoan (maTaiKhoan, username, pass,   maNhomQuyen, avatar) VALUES (N'111', N'111', N'111',   N'NHANVIEN1', N'none_user.jpg');
INSERT TaiKhoan (maTaiKhoan, username, pass,   maNhomQuyen, avatar) VALUES (N'120', N'120', N'120',   N'NHANVIEN1', N'none_user.jpg');
INSERT TaiKhoan (maTaiKhoan, username, pass,   maNhomQuyen, avatar) VALUES (N'122', N'122', N'122',   N'NHANVIEN2', N'none_user.jpg');
INSERT TaiKhoan (maTaiKhoan, username, pass,   maNhomQuyen, avatar) VALUES (N'123', N'123', N'123',   N'NHANVIEN3', N'none_user.jpg');
INSERT TaiKhoan (maTaiKhoan, username, pass,   maNhomQuyen, avatar) VALUES (N'124', N'124', N'124',   N'NHANVIEN2', N'none_user.jpg');
INSERT TaiKhoan (maTaiKhoan, username, pass,   maNhomQuyen, avatar) VALUES (N'125', N'125', N'125',   N'NHANVIEN3', N'none_user.jpg');
INSERT TaiKhoan (maTaiKhoan, username, pass,   maNhomQuyen, avatar) VALUES (N'127', N'127', N'127',   N'NHANVIEN2', N'none_user.jpg');
INSERT TaiKhoan (maTaiKhoan, username, pass,   maNhomQuyen, avatar) VALUES (N'129', N'129', N'129',   N'NHANVIEN2', N'none_user.jpg');
INSERT TaiKhoan (maTaiKhoan, username, pass,   maNhomQuyen, avatar) VALUES (N'131', N'131', N'131',   N'NHANVIEN1', N'none_user.jpg');
INSERT TaiKhoan (maTaiKhoan, username, pass,   maNhomQuyen, avatar) VALUES (N'139', N'139', N'139',   N'NHANVIEN2', N'none_user.jpg');
INSERT TaiKhoan (maTaiKhoan, username, pass,   maNhomQuyen, avatar) VALUES (N'155', N'155', N'155',   N'NHANVIEN3', N'none_user.jpg');
INSERT TaiKhoan (maTaiKhoan, username, pass,   maNhomQuyen, avatar) VALUES (N'159', N'159', N'159',   N'NHANVIEN2', N'none_user.jpg');
INSERT TaiKhoan (maTaiKhoan, username, pass,   maNhomQuyen, avatar) VALUES (N'222', N'222', N'222',   N'ADMIN1', N'none_user.jpg');
INSERT TaiKhoan (maTaiKhoan, username, pass,   maNhomQuyen, avatar) VALUES (N'229', N'229', N'229',   N'NHANVIEN2', N'none_user.jpg');

INSERT ChucVu (maChucVu, tenChucVu, phuCapChucVu, ngayNhanChuc, moTa) VALUES (N'CV000', N'Phó phòng', 14, CAST(N'2023-03-10' AS Date), NULL);
INSERT ChucVu (maChucVu, tenChucVu, phuCapChucVu, ngayNhanChuc, moTa) VALUES (N'CV001', N'Trưởng phòng', 16, CAST(N'2023-03-17' AS Date), NULL);
INSERT ChucVu (maChucVu, tenChucVu, phuCapChucVu, ngayNhanChuc, moTa) VALUES (N'CV002', N'Phó phòng', 14, CAST(N'2023-03-22' AS Date), NULL);
INSERT ChucVu (maChucVu, tenChucVu, phuCapChucVu, ngayNhanChuc, moTa) VALUES (N'CV003', N'Trưởng phòng', 16, CAST(N'2023-03-26' AS Date), NULL);
INSERT ChucVu (maChucVu, tenChucVu, phuCapChucVu, ngayNhanChuc, moTa) VALUES (N'CV004', N'Phó phòng', 14, CAST(N'2023-05-09' AS Date), NULL);
INSERT ChucVu (maChucVu, tenChucVu, phuCapChucVu, ngayNhanChuc, moTa) VALUES (N'CV007', N'Kĩ sư phần mềm', 12, CAST(N'2023-03-19' AS Date), NULL);
INSERT ChucVu (maChucVu, tenChucVu, phuCapChucVu, ngayNhanChuc, moTa) VALUES (N'CV008', N'Phó phòng', 14, CAST(N'2023-03-24' AS Date), NULL);
INSERT ChucVu (maChucVu, tenChucVu, phuCapChucVu, ngayNhanChuc, moTa) VALUES (N'CV009', N'Trưởng phòng', 16, CAST(N'2023-05-09' AS Date), NULL);
INSERT ChucVu (maChucVu, tenChucVu, phuCapChucVu, ngayNhanChuc, moTa) VALUES (N'CV011', N'Kĩ thuật viên', 5, CAST(N'2023-03-30' AS Date), NULL);
INSERT ChucVu (maChucVu, tenChucVu, phuCapChucVu, ngayNhanChuc, moTa) VALUES (N'CV012', N'Kĩ thuật viên', 5, CAST(N'2023-03-30' AS Date), NULL);
INSERT ChucVu (maChucVu, tenChucVu, phuCapChucVu, ngayNhanChuc, moTa) VALUES (N'CV013', N'Kĩ thuật viên', 5, CAST(N'2023-03-31' AS Date), NULL);
INSERT ChucVu (maChucVu, tenChucVu, phuCapChucVu, ngayNhanChuc, moTa) VALUES (N'CV014', N'Digital Marketing', 8, CAST(N'2023-03-26' AS Date), NULL);
INSERT ChucVu (maChucVu, tenChucVu, phuCapChucVu, ngayNhanChuc, moTa) VALUES (N'CV016', N'Chuyên viên đào tạo', 8, CAST(N'2023-03-21' AS Date), NULL);
INSERT ChucVu (maChucVu, tenChucVu, phuCapChucVu, ngayNhanChuc, moTa) VALUES (N'CV017', N'Trưởng phòng', 16, CAST(N'2023-05-09' AS Date), NULL);
INSERT ChucVu (maChucVu, tenChucVu, phuCapChucVu, ngayNhanChuc, moTa) VALUES (N'CV022', N'Kế toán doanh thu', 8, CAST(N'2023-04-28' AS Date), NULL);
INSERT ChucVu (maChucVu, tenChucVu, phuCapChucVu, ngayNhanChuc, moTa) VALUES (N'CV023', N'Chuyên viên hành chính', 8, CAST(N'2023-04-28' AS Date), NULL);
INSERT ChucVu (maChucVu, tenChucVu, phuCapChucVu, ngayNhanChuc, moTa) VALUES (N'CV024', N'Kế toán lương thưởng', 8, CAST(N'2023-03-24' AS Date), NULL);
INSERT ChucVu (maChucVu, tenChucVu, phuCapChucVu, ngayNhanChuc, moTa) VALUES (N'CV025', N'Trưởng phòng', 16, CAST(N'2023-09-16' AS Date), NULL);
INSERT ChucVu (maChucVu, tenChucVu, phuCapChucVu, ngayNhanChuc, moTa) VALUES (N'CV033', N'Phó phòng', 14, CAST(N'2023-03-26' AS Date), NULL);
INSERT ChucVu (maChucVu, tenChucVu, phuCapChucVu, ngayNhanChuc, moTa) VALUES (N'CV034', N'Phó phòng', 14, CAST(N'2023-03-22' AS Date), NULL);
INSERT ChucVu (maChucVu, tenChucVu, phuCapChucVu, ngayNhanChuc, moTa) VALUES (N'CV043', N'Chuyên viên SEO', 10, CAST(N'2023-05-09' AS Date), NULL);
INSERT ChucVu (maChucVu, tenChucVu, phuCapChucVu, ngayNhanChuc, moTa) VALUES (N'CV045', N'Kĩ sư phần mềm', 12, CAST(N'2023-03-26' AS Date), NULL);
INSERT ChucVu (maChucVu, tenChucVu, phuCapChucVu, ngayNhanChuc, moTa) VALUES (N'CV061', N'Trưởng phòng', 16, CAST(N'2023-09-13' AS Date), NULL);
INSERT ChucVu (maChucVu, tenChucVu, phuCapChucVu, ngayNhanChuc, moTa) VALUES (N'CV062', N'Trưởng phòng', 16, CAST(N'2023-09-13' AS Date), NULL);
INSERT ChucVu (maChucVu, tenChucVu, phuCapChucVu, ngayNhanChuc, moTa) VALUES (N'CV067', N'Quản lý nhân sự', 10, CAST(N'2023-04-02' AS Date), NULL);
INSERT ChucVu (maChucVu, tenChucVu, phuCapChucVu, ngayNhanChuc, moTa) VALUES (N'CV068', N'Trưởng phòng', 16, CAST(N'2023-04-02' AS Date), NULL);
INSERT ChucVu (maChucVu, tenChucVu, phuCapChucVu, ngayNhanChuc, moTa) VALUES (N'CV069', N'QTV Hệ thống', 10, CAST(N'2023-09-13' AS Date), NULL);
INSERT ChucVu (maChucVu, tenChucVu, phuCapChucVu, ngayNhanChuc, moTa) VALUES (N'CV070', N'Phát triển sản phẩm', 8, CAST(N'2023-04-02' AS Date), NULL);
INSERT ChucVu (maChucVu, tenChucVu, phuCapChucVu, ngayNhanChuc, moTa) VALUES (N'CV071', N'Kế toán', 0, CAST(N'2020-12-12' AS Date), NULL);
INSERT ChucVu (maChucVu, tenChucVu, phuCapChucVu, ngayNhanChuc, moTa) VALUES (N'CV073', N'Kĩ sư phần mềm', 12, CAST(N'2023-09-16' AS Date), NULL);
INSERT ChucVu (maChucVu, tenChucVu, phuCapChucVu, ngayNhanChuc, moTa) VALUES (N'CV074', N'Kĩ sư phần mềm', 12, CAST(N'2023-09-16' AS Date), NULL);
INSERT ChucVu (maChucVu, tenChucVu, phuCapChucVu, ngayNhanChuc, moTa) VALUES (N'CV075', N'Phát triển quy trình', 8, CAST(N'2023-09-16' AS Date), NULL);
INSERT ChucVu (maChucVu, tenChucVu, phuCapChucVu, ngayNhanChuc, moTa) VALUES (N'CV076', N'Trưởng phòng', 16, CAST(N'2023-09-16' AS Date), NULL);
INSERT ChucVu (maChucVu, tenChucVu, phuCapChucVu, ngayNhanChuc, moTa) VALUES (N'CV077', N'Chuyên viên SEO', 10, CAST(N'2023-05-08' AS Date), NULL);
INSERT ChucVu (maChucVu, tenChucVu, phuCapChucVu, ngayNhanChuc, moTa) VALUES (N'CV078', N'Kế toán trưởng', 12, CAST(N'2023-09-16' AS Date), NULL);
INSERT ChucVu (maChucVu, tenChucVu, phuCapChucVu, ngayNhanChuc, moTa) VALUES (N'CV079', N'Trưởng phòng', 16, CAST(N'2023-09-13' AS Date), NULL);
INSERT ChucVu (maChucVu, tenChucVu, phuCapChucVu, ngayNhanChuc, moTa) VALUES (N'CV080', N'Trưởng phòng', 16, CAST(N'2023-09-13' AS Date), NULL);
INSERT ChucVu (maChucVu, tenChucVu, phuCapChucVu, ngayNhanChuc, moTa) VALUES (N'CV085', N'Quản lý nhân sự', 10, CAST(N'2023-09-16' AS Date), NULL);
INSERT ChucVu (maChucVu, tenChucVu, phuCapChucVu, ngayNhanChuc, moTa) VALUES (N'CV086', N'Chuyên viên đào tạo', 8, CAST(N'2023-09-16' AS Date), NULL);
INSERT ChucVu (maChucVu, tenChucVu, phuCapChucVu, ngayNhanChuc, moTa) VALUES (N'CV087', N'Phó phòng', 14, CAST(N'2023-09-16' AS Date), NULL);
INSERT ChucVu (maChucVu, tenChucVu, phuCapChucVu, ngayNhanChuc, moTa) VALUES (N'CV089', N'Chuyên viên SEO', 10, CAST(N'2023-05-08' AS Date), NULL);
INSERT ChucVu (maChucVu, tenChucVu, phuCapChucVu, ngayNhanChuc, moTa) VALUES (N'CV090', N'Chuyên viên SEO', 10, CAST(N'2023-05-08' AS Date), NULL);
INSERT ChucVu (maChucVu, tenChucVu, phuCapChucVu, ngayNhanChuc, moTa) VALUES (N'CV091', N'Phó phòng', 14, CAST(N'2023-03-26' AS Date), NULL);
INSERT ChucVu (maChucVu, tenChucVu, phuCapChucVu, ngayNhanChuc, moTa) VALUES (N'CV092', N'Kĩ sư phần mềm', 12, CAST(N'2023-04-19' AS Date), NULL);
INSERT ChucVu (maChucVu, tenChucVu, phuCapChucVu, ngayNhanChuc, moTa) VALUES (N'CV094', N'Kế toán doanh thu', 8, CAST(N'2023-04-02' AS Date), NULL);
INSERT ChucVu (maChucVu, tenChucVu, phuCapChucVu, ngayNhanChuc, moTa) VALUES (N'CV095', N'Chuyên viên đào tạo', 8, CAST(N'2023-04-19' AS Date), NULL);
INSERT ChucVu (maChucVu, tenChucVu, phuCapChucVu, ngayNhanChuc, moTa) VALUES (N'CV097', N'QTV Hệ thống', 10, CAST(N'2023-05-08' AS Date), NULL);
INSERT ChucVu (maChucVu, tenChucVu, phuCapChucVu, ngayNhanChuc, moTa) VALUES (N'CV099', N'Kĩ sư bảo mật', 12, CAST(N'2023-03-26' AS Date), NULL);
INSERT ChucVu (maChucVu, tenChucVu, phuCapChucVu, ngayNhanChuc, moTa) VALUES (N'CV110', N'Chuyên viên CNTT', 10, CAST(N'2023-03-31' AS Date), NULL);
INSERT ChucVu (maChucVu, tenChucVu, phuCapChucVu, ngayNhanChuc, moTa) VALUES (N'CV111', N'Chuyên viên SEO', 10, CAST(N'2023-05-08' AS Date), NULL);
INSERT ChucVu (maChucVu, tenChucVu, phuCapChucVu, ngayNhanChuc, moTa) VALUES (N'CV120', N'Phát triển quy trình', 8, CAST(N'2023-09-16' AS Date), NULL);
INSERT ChucVu (maChucVu, tenChucVu, phuCapChucVu, ngayNhanChuc, moTa) VALUES (N'CV122', N'Kế toán', 0, CAST(N'2020-12-12' AS Date), NULL);
INSERT ChucVu (maChucVu, tenChucVu, phuCapChucVu, ngayNhanChuc, moTa) VALUES (N'CV123', N'Chuyên viên SEO', 10, CAST(N'2023-05-08' AS Date), NULL);
INSERT ChucVu (maChucVu, tenChucVu, phuCapChucVu, ngayNhanChuc, moTa) VALUES (N'CV124', N'Phó phòng', 14, CAST(N'2023-03-24' AS Date), NULL);
INSERT ChucVu (maChucVu, tenChucVu, phuCapChucVu, ngayNhanChuc, moTa) VALUES (N'CV125', N'Quản lý nhân sự', 10, CAST(N'2023-05-09' AS Date), NULL);
INSERT ChucVu (maChucVu, tenChucVu, phuCapChucVu, ngayNhanChuc, moTa) VALUES (N'CV127', N'Chuyên viên SEO', 10, CAST(N'2023-05-09' AS Date), NULL);
INSERT ChucVu (maChucVu, tenChucVu, phuCapChucVu, ngayNhanChuc, moTa) VALUES (N'CV129', N'Kế toán doanh thu', 8, CAST(N'2023-05-09' AS Date), NULL);
INSERT ChucVu (maChucVu, tenChucVu, phuCapChucVu, ngayNhanChuc, moTa) VALUES (N'CV131', N'Chuyên viên SEO', 10, CAST(N'2023-05-09' AS Date), NULL);
INSERT ChucVu (maChucVu, tenChucVu, phuCapChucVu, ngayNhanChuc, moTa) VALUES (N'CV139', N'Quản lý nhân sự', 10, CAST(N'2023-05-09' AS Date), NULL);
INSERT ChucVu (maChucVu, tenChucVu, phuCapChucVu, ngayNhanChuc, moTa) VALUES (N'CV155', N'PR Media', 6, CAST(N'2023-09-16' AS Date), NULL);
INSERT ChucVu (maChucVu, tenChucVu, phuCapChucVu, ngayNhanChuc, moTa) VALUES (N'CV159', N'Chuyên viên SEO', 10, CAST(N'2023-05-09' AS Date), NULL);
INSERT ChucVu (maChucVu, tenChucVu, phuCapChucVu, ngayNhanChuc, moTa) VALUES (N'CV222', N'Chuyên viên SEO', 10, CAST(N'2023-05-09' AS Date), NULL);
INSERT ChucVu (maChucVu, tenChucVu, phuCapChucVu, ngayNhanChuc, moTa) VALUES (N'CV229', N'Phó phòng', 14, CAST(N'2023-09-13' AS Date), NULL);

INSERT TrinhDo (maTrinhDo, trinhDoHocVan, trinhDoChuyenMon, chuyenNganh) VALUES (N'TD000', N'12/12', N'Kĩ sư', N'Kế toán');
INSERT TrinhDo (maTrinhDo, trinhDoHocVan, trinhDoChuyenMon, chuyenNganh) VALUES (N'TD001', N'12/12', N'Kĩ sư', N'Công nghệ thông tin');
INSERT TrinhDo (maTrinhDo, trinhDoHocVan, trinhDoChuyenMon, chuyenNganh) VALUES (N'TD002', N'12/12', N'Cử nhân', N'Kế toán');
INSERT TrinhDo (maTrinhDo, trinhDoHocVan, trinhDoChuyenMon, chuyenNganh) VALUES (N'TD003', N'12/12', N'Cử nhân', N'Không');
INSERT TrinhDo (maTrinhDo, trinhDoHocVan, trinhDoChuyenMon, chuyenNganh) VALUES (N'TD004', N'12/12', N'Thạc sĩ', N'Quản trị kinh doanh');
INSERT TrinhDo (maTrinhDo, trinhDoHocVan, trinhDoChuyenMon, chuyenNganh) VALUES (N'TD007', N'12/12', N'Kĩ sư', N'Công nghệ thông tin');
INSERT TrinhDo (maTrinhDo, trinhDoHocVan, trinhDoChuyenMon, chuyenNganh) VALUES (N'TD008', N'12/12', N'Kĩ sư', N'Công nghệ thông tin');
INSERT TrinhDo (maTrinhDo, trinhDoHocVan, trinhDoChuyenMon, chuyenNganh) VALUES (N'TD009', N'12/12', N'Cử nhân', N'Kế toán');
INSERT TrinhDo (maTrinhDo, trinhDoHocVan, trinhDoChuyenMon, chuyenNganh) VALUES (N'TD011', N'12/12', N'Cử nhân', N'Kế toán');
INSERT TrinhDo (maTrinhDo, trinhDoHocVan, trinhDoChuyenMon, chuyenNganh) VALUES (N'TD012', N'12/12', N'Cử nhân', N'Digital Marketing');
INSERT TrinhDo (maTrinhDo, trinhDoHocVan, trinhDoChuyenMon, chuyenNganh) VALUES (N'TD013', N'12/12', N'Cử nhân', N'Kế toán');
INSERT TrinhDo (maTrinhDo, trinhDoHocVan, trinhDoChuyenMon, chuyenNganh) VALUES (N'TD014', N'12/12', N'Cử nhân', N'Kế toán');
INSERT TrinhDo (maTrinhDo, trinhDoHocVan, trinhDoChuyenMon, chuyenNganh) VALUES (N'TD016', N'12/12', N'Không', N'Không');
INSERT TrinhDo (maTrinhDo, trinhDoHocVan, trinhDoChuyenMon, chuyenNganh) VALUES (N'TD017', N'12/12', N'Kĩ sư', N'Công nghệ thông tin');
INSERT TrinhDo (maTrinhDo, trinhDoHocVan, trinhDoChuyenMon, chuyenNganh) VALUES (N'TD022', N'12/12', N'Cử nhân', N'Kế toán');
INSERT TrinhDo (maTrinhDo, trinhDoHocVan, trinhDoChuyenMon, chuyenNganh) VALUES (N'TD023', N'12/12', N'Cử nhân', N'Quản trị kinh doanh');
INSERT TrinhDo (maTrinhDo, trinhDoHocVan, trinhDoChuyenMon, chuyenNganh) VALUES (N'TD024', N'12/12', N'Cử nhân', N'Kế toán');
INSERT TrinhDo (maTrinhDo, trinhDoHocVan, trinhDoChuyenMon, chuyenNganh) VALUES (N'TD025', N'12/12', N'Kĩ sư', N'Công nghệ thông tin');
INSERT TrinhDo (maTrinhDo, trinhDoHocVan, trinhDoChuyenMon, chuyenNganh) VALUES (N'TD033', N'Không', N'Không', N'Không');
INSERT TrinhDo (maTrinhDo, trinhDoHocVan, trinhDoChuyenMon, chuyenNganh) VALUES (N'TD034', N'Không', N'Không', N'Không');
INSERT TrinhDo (maTrinhDo, trinhDoHocVan, trinhDoChuyenMon, chuyenNganh) VALUES (N'TD043', N'Không', N'Không', N'Không');
INSERT TrinhDo (maTrinhDo, trinhDoHocVan, trinhDoChuyenMon, chuyenNganh) VALUES (N'TD045', N'12/12', N'Cử nhân', N'Không');
INSERT TrinhDo (maTrinhDo, trinhDoHocVan, trinhDoChuyenMon, chuyenNganh) VALUES (N'TD061', N'Không', N'Không', N'Không');
INSERT TrinhDo (maTrinhDo, trinhDoHocVan, trinhDoChuyenMon, chuyenNganh) VALUES (N'TD062', N'Không', N'Không', N'Không');
INSERT TrinhDo (maTrinhDo, trinhDoHocVan, trinhDoChuyenMon, chuyenNganh) VALUES (N'TD067', N'12/12', N'Tiến sĩ', N'Công nghệ thông tin');
INSERT TrinhDo (maTrinhDo, trinhDoHocVan, trinhDoChuyenMon, chuyenNganh) VALUES (N'TD068', N'12/12', N'Cử nhân', N'Kế toán');
INSERT TrinhDo (maTrinhDo, trinhDoHocVan, trinhDoChuyenMon, chuyenNganh) VALUES (N'TD069', N'12/12', N'Tiến sĩ', N'Trí tuệ nhân tạo');
INSERT TrinhDo (maTrinhDo, trinhDoHocVan, trinhDoChuyenMon, chuyenNganh) VALUES (N'TD070', N'12/12', N'Tiến sĩ', N'Kĩ thuật phần mềm');
INSERT TrinhDo (maTrinhDo, trinhDoHocVan, trinhDoChuyenMon, chuyenNganh) VALUES (N'TD071', N'12/12', N'Thạc sĩ', N'Kế toán');
INSERT TrinhDo (maTrinhDo, trinhDoHocVan, trinhDoChuyenMon, chuyenNganh) VALUES (N'TD073', N'Không', N'Không', N'Không');
INSERT TrinhDo (maTrinhDo, trinhDoHocVan, trinhDoChuyenMon, chuyenNganh) VALUES (N'TD074', N'Không', N'Không', N'Không');
INSERT TrinhDo (maTrinhDo, trinhDoHocVan, trinhDoChuyenMon, chuyenNganh) VALUES (N'TD075', N'12/12', N'Kĩ sư', N'Công nghệ thông tin');
INSERT TrinhDo (maTrinhDo, trinhDoHocVan, trinhDoChuyenMon, chuyenNganh) VALUES (N'TD076', N'Không', N'Không', N'Không');
INSERT TrinhDo (maTrinhDo, trinhDoHocVan, trinhDoChuyenMon, chuyenNganh) VALUES (N'TD077', N'Không', N'Không', N'Không');
INSERT TrinhDo (maTrinhDo, trinhDoHocVan, trinhDoChuyenMon, chuyenNganh) VALUES (N'TD078', N'Không', N'Không', N'Không');
INSERT TrinhDo (maTrinhDo, trinhDoHocVan, trinhDoChuyenMon, chuyenNganh) VALUES (N'TD079', N'Không', N'Không', N'Không');
INSERT TrinhDo (maTrinhDo, trinhDoHocVan, trinhDoChuyenMon, chuyenNganh) VALUES (N'TD080', N'Không', N'Không', N'Không');
INSERT TrinhDo (maTrinhDo, trinhDoHocVan, trinhDoChuyenMon, chuyenNganh) VALUES (N'TD085', N'Không', N'Không', N'Không');
INSERT TrinhDo (maTrinhDo, trinhDoHocVan, trinhDoChuyenMon, chuyenNganh) VALUES (N'TD086', N'Không', N'Không', N'Không');
INSERT TrinhDo (maTrinhDo, trinhDoHocVan, trinhDoChuyenMon, chuyenNganh) VALUES (N'TD087', N'Không', N'Không', N'Không');
INSERT TrinhDo (maTrinhDo, trinhDoHocVan, trinhDoChuyenMon, chuyenNganh) VALUES (N'TD089', N'12/12', N'Tiến Sĩ', N'Công nghệ thông tin');
INSERT TrinhDo (maTrinhDo, trinhDoHocVan, trinhDoChuyenMon, chuyenNganh) VALUES (N'TD090', N'Không', N'Không', N'Không');
INSERT TrinhDo (maTrinhDo, trinhDoHocVan, trinhDoChuyenMon, chuyenNganh) VALUES (N'TD091', N'Không', N'Không', N'Không');
INSERT TrinhDo (maTrinhDo, trinhDoHocVan, trinhDoChuyenMon, chuyenNganh) VALUES (N'TD092', N'12/12', N'Kĩ sư', N'Không');
INSERT TrinhDo (maTrinhDo, trinhDoHocVan, trinhDoChuyenMon, chuyenNganh) VALUES (N'TD094', N'12/12', N'Cử nhân', N'Kế toán');
INSERT TrinhDo (maTrinhDo, trinhDoHocVan, trinhDoChuyenMon, chuyenNganh) VALUES (N'TD095', N'12/12', N'Không', N'Không');
INSERT TrinhDo (maTrinhDo, trinhDoHocVan, trinhDoChuyenMon, chuyenNganh) VALUES (N'TD097', N'12/12', N'Cử nhân', N'Kế toán');
INSERT TrinhDo (maTrinhDo, trinhDoHocVan, trinhDoChuyenMon, chuyenNganh) VALUES (N'TD099', N'Không', N'Không', N'Không');
INSERT TrinhDo (maTrinhDo, trinhDoHocVan, trinhDoChuyenMon, chuyenNganh) VALUES (N'TD110', N'12/12', N'Kĩ sư', N'Không');
INSERT TrinhDo (maTrinhDo, trinhDoHocVan, trinhDoChuyenMon, chuyenNganh) VALUES (N'TD111', N'Không', N'Không', N'Không');
INSERT TrinhDo (maTrinhDo, trinhDoHocVan, trinhDoChuyenMon, chuyenNganh) VALUES (N'TD120', N'Không', N'Không', N'Không');
INSERT TrinhDo (maTrinhDo, trinhDoHocVan, trinhDoChuyenMon, chuyenNganh) VALUES (N'TD122', N'12/12', N'Thạc sĩ', N'Kế toán');
INSERT TrinhDo (maTrinhDo, trinhDoHocVan, trinhDoChuyenMon, chuyenNganh) VALUES (N'TD123', N'Không', N'Không', N'Không');
INSERT TrinhDo (maTrinhDo, trinhDoHocVan, trinhDoChuyenMon, chuyenNganh) VALUES (N'TD124', N'Không', N'Không', N'Không');
INSERT TrinhDo (maTrinhDo, trinhDoHocVan, trinhDoChuyenMon, chuyenNganh) VALUES (N'TD125', N'12/12', N'Thạc sĩ', N'Quản trị kinh doanh');
INSERT TrinhDo (maTrinhDo, trinhDoHocVan, trinhDoChuyenMon, chuyenNganh) VALUES (N'TD127', N'12/12', N'Tiến Sĩ', N'Kế toán');
INSERT TrinhDo (maTrinhDo, trinhDoHocVan, trinhDoChuyenMon, chuyenNganh) VALUES (N'TD129', N'12/12', N'Thạc sĩ', N'Kế toán');
INSERT TrinhDo (maTrinhDo, trinhDoHocVan, trinhDoChuyenMon, chuyenNganh) VALUES (N'TD131', N'Không', N'Không', N'Không');
INSERT TrinhDo (maTrinhDo, trinhDoHocVan, trinhDoChuyenMon, chuyenNganh) VALUES (N'TD139', N'12/12', N'Thạc sĩ', N'Kế toán');
INSERT TrinhDo (maTrinhDo, trinhDoHocVan, trinhDoChuyenMon, chuyenNganh) VALUES (N'TD155', N'Không', N'Không', N'Không');
INSERT TrinhDo (maTrinhDo, trinhDoHocVan, trinhDoChuyenMon, chuyenNganh) VALUES (N'TD159', N'12/12', N'Thạc sĩ', N'Kế toán');
INSERT TrinhDo (maTrinhDo, trinhDoHocVan, trinhDoChuyenMon, chuyenNganh) VALUES (N'TD222', N'Không', N'Không', N'Không');
INSERT TrinhDo (maTrinhDo, trinhDoHocVan, trinhDoChuyenMon, chuyenNganh) VALUES (N'TD229', N'Không', N'Không', N'Không');
INSERT TrinhDo (maTrinhDo, trinhDoHocVan, trinhDoChuyenMon, chuyenNganh) VALUES (N'TDUV001', N'12/12', N'Cử nhân', N'Kế toán');
INSERT TrinhDo (maTrinhDo, trinhDoHocVan, trinhDoChuyenMon, chuyenNganh) VALUES (N'TDUV002', N'12/12', N'Cử nhân', N'Digital Marketing');
INSERT TrinhDo (maTrinhDo, trinhDoHocVan, trinhDoChuyenMon, chuyenNganh) VALUES (N'TDUV003', N'Không', N'Không', N'Không');
INSERT TrinhDo (maTrinhDo, trinhDoHocVan, trinhDoChuyenMon, chuyenNganh) VALUES (N'TDUV007', N'12/12', N'Thạc sĩ', N'Kế toán');
INSERT TrinhDo (maTrinhDo, trinhDoHocVan, trinhDoChuyenMon, chuyenNganh) VALUES (N'TDUV012', N'Không', N'Không', N'Không');
INSERT TrinhDo (maTrinhDo, trinhDoHocVan, trinhDoChuyenMon, chuyenNganh) VALUES (N'TDUV020', N'Không', N'Không', N'Không');
INSERT TrinhDo (maTrinhDo, trinhDoHocVan, trinhDoChuyenMon, chuyenNganh) VALUES (N'TDUV055', N'Không', N'Không', N'Không');

INSERT INTO PhongBan (maPhong, tenPhong, ngayThanhLap, disable) VALUES (N'KD', N'Phòng kinh doanh', CAST(N'2023-03-09' AS Date), FALSE);
INSERT INTO PhongBan (maPhong, tenPhong, ngayThanhLap, disable) VALUES (N'KTCN', N'Phòng kĩ thuật công nghệ', CAST(N'2008-09-22' AS Date), FALSE);
INSERT INTO PhongBan (maPhong, tenPhong, ngayThanhLap, disable) VALUES (N'MKT', N'Phòng truyền thông marketing', CAST(N'2006-11-23' AS Date), FALSE);
INSERT INTO PhongBan (maPhong, tenPhong, ngayThanhLap, disable) VALUES (N'NC', N'Phòng nghiên cứu và phát triển', CAST(N'2007-04-12' AS Date), FALSE);
INSERT INTO PhongBan (maPhong, tenPhong, ngayThanhLap, disable) VALUES (N'NS', N'Phòng nhân sự', CAST(N'2005-09-24' AS Date), FALSE);
INSERT INTO PhongBan (maPhong, tenPhong, ngayThanhLap, disable) VALUES (N'TCKT', N'Phòng tài chính kế toán', CAST(N'2005-10-06' AS Date), FALSE);
INSERT INTO PhongBan (maPhong, tenPhong, ngayThanhLap, disable) VALUES (N'TD', N'Phòng tuyển dụng', CAST(N'2005-10-12' AS Date), FALSE);

INSERT HopDongLaoDong (maHopDong, tuNgay, denNgay, loaiHopDong, luongCoBan, moTa) VALUES (N'HD000', CAST(N'2021-03-08' AS Date), CAST(N'2024-03-08' AS Date), N'3 năm', 12600000, NULL);
INSERT HopDongLaoDong (maHopDong, tuNgay, denNgay, loaiHopDong, luongCoBan, moTa) VALUES (N'HD002', CAST(N'2018-05-03' AS Date), CAST(N'2023-05-03' AS Date), N'5 năm', 18375000, NULL);
INSERT HopDongLaoDong (maHopDong, tuNgay, denNgay, loaiHopDong, luongCoBan, moTa) VALUES (N'HD003', CAST(N'2022-03-09' AS Date), CAST(N'2024-03-09' AS Date), N'2 năm', 13370569, NULL);
INSERT HopDongLaoDong (maHopDong, tuNgay, denNgay, loaiHopDong, luongCoBan, moTa) VALUES (N'HD004', CAST(N'2020-04-29' AS Date), CAST(N'2024-04-29' AS Date), N'4 năm', 16050000, NULL);
INSERT HopDongLaoDong (maHopDong, tuNgay, denNgay, loaiHopDong, luongCoBan, moTa) VALUES (N'HD007', CAST(N'2020-05-05' AS Date), CAST(N'2024-05-05' AS Date), N'4 năm', 8000000, NULL);
INSERT HopDongLaoDong (maHopDong, tuNgay, denNgay, loaiHopDong, luongCoBan, moTa) VALUES (N'HD008', CAST(N'2020-05-05' AS Date), CAST(N'2024-05-05' AS Date), N'4 năm', 16050000, NULL);
INSERT HopDongLaoDong (maHopDong, tuNgay, denNgay, loaiHopDong, luongCoBan, moTa) VALUES (N'HD009', CAST(N'2020-05-05' AS Date), CAST(N'2028-05-05' AS Date), N'8 năm', 10500000, NULL);
INSERT HopDongLaoDong (maHopDong, tuNgay, denNgay, loaiHopDong, luongCoBan, moTa) VALUES (N'HD011', CAST(N'2020-12-12' AS Date), CAST(N'2023-12-12' AS Date), N'3 năm', 11000000, NULL);
INSERT HopDongLaoDong (maHopDong, tuNgay, denNgay, loaiHopDong, luongCoBan, moTa) VALUES (N'HD012', CAST(N'2019-12-12' AS Date), CAST(N'2023-12-12' AS Date), N'4 năm', 11500000, NULL);
INSERT HopDongLaoDong (maHopDong, tuNgay, denNgay, loaiHopDong, luongCoBan, moTa) VALUES (N'HD014', CAST(N'2020-05-05' AS Date), CAST(N'2023-05-05' AS Date), N'3 năm', 12600000, NULL);
INSERT HopDongLaoDong (maHopDong, tuNgay, denNgay, loaiHopDong, luongCoBan, moTa) VALUES (N'HD017', CAST(N'2023-09-09' AS Date), CAST(N'2024-09-09' AS Date), N'1 năm', 10500000, NULL);
INSERT HopDongLaoDong (maHopDong, tuNgay, denNgay, loaiHopDong, luongCoBan, moTa) VALUES (N'HD033', CAST(N'2023-04-17' AS Date), CAST(N'2024-04-17' AS Date), N'1 năm', 11250000, NULL);
INSERT HopDongLaoDong (maHopDong, tuNgay, denNgay, loaiHopDong, luongCoBan, moTa) VALUES (N'HD034', CAST(N'2023-03-21' AS Date), CAST(N'2024-03-21' AS Date), N'1 năm', 12000000, NULL);
INSERT HopDongLaoDong (maHopDong, tuNgay, denNgay, loaiHopDong, luongCoBan, moTa) VALUES (N'HD043', CAST(N'2020-12-08' AS Date), CAST(N'2023-12-08' AS Date), N'3 năm', 13125000, NULL);
INSERT HopDongLaoDong (maHopDong, tuNgay, denNgay, loaiHopDong, luongCoBan, moTa) VALUES (N'HD045', CAST(N'2023-04-17' AS Date), CAST(N'2024-04-17' AS Date), N'1 năm', 10500000, NULL);
INSERT HopDongLaoDong (maHopDong, tuNgay, denNgay, loaiHopDong, luongCoBan, moTa) VALUES (N'HD061', CAST(N'2020-12-25' AS Date), CAST(N'2023-12-25' AS Date), N'3 năm', 11000000, NULL);
INSERT HopDongLaoDong (maHopDong, tuNgay, denNgay, loaiHopDong, luongCoBan, moTa) VALUES (N'HD062', CAST(N'2020-12-25' AS Date), CAST(N'2021-12-25' AS Date), N'1 năm', 12300000, NULL);
INSERT HopDongLaoDong (maHopDong, tuNgay, denNgay, loaiHopDong, luongCoBan, moTa) VALUES (N'HD067', CAST(N'2020-04-02' AS Date), CAST(N'2023-04-02' AS Date), N'3 năm', 12500000, NULL);
INSERT HopDongLaoDong (maHopDong, tuNgay, denNgay, loaiHopDong, luongCoBan, moTa) VALUES (N'HD068', CAST(N'2020-04-02' AS Date), CAST(N'2023-04-02' AS Date), N'3 năm', 14000000, NULL);
INSERT HopDongLaoDong (maHopDong, tuNgay, denNgay, loaiHopDong, luongCoBan, moTa) VALUES (N'HD069', CAST(N'2020-05-03' AS Date), CAST(N'2024-05-03' AS Date), N'6 năm', 11550000, NULL);
INSERT HopDongLaoDong (maHopDong, tuNgay, denNgay, loaiHopDong, luongCoBan, moTa) VALUES (N'HD070', CAST(N'2023-04-17' AS Date), CAST(N'2034-04-17' AS Date), N'11 năm', 17120000, NULL);
INSERT HopDongLaoDong (maHopDong, tuNgay, denNgay, loaiHopDong, luongCoBan, moTa) VALUES (N'HD071', CAST(N'2021-10-20' AS Date), CAST(N'2022-10-20' AS Date), N'1 năm', 12000000, NULL);
INSERT HopDongLaoDong (maHopDong, tuNgay, denNgay, loaiHopDong, luongCoBan, moTa) VALUES (N'HD073', CAST(N'2021-11-01' AS Date), CAST(N'2023-11-01' AS Date), N'2 năm', 12000000, NULL);
INSERT HopDongLaoDong (maHopDong, tuNgay, denNgay, loaiHopDong, luongCoBan, moTa) VALUES (N'HD074', CAST(N'2020-12-16' AS Date), CAST(N'2023-12-16' AS Date), N'3 năm', 12000000, NULL);
INSERT HopDongLaoDong (maHopDong, tuNgay, denNgay, loaiHopDong, luongCoBan, moTa) VALUES (N'HD075', CAST(N'2020-03-16' AS Date), CAST(N'2022-03-16' AS Date), N'2 năm', 11000000, NULL);
INSERT HopDongLaoDong (maHopDong, tuNgay, denNgay, loaiHopDong, luongCoBan, moTa) VALUES (N'HD076', CAST(N'2021-11-01' AS Date), CAST(N'2023-11-01' AS Date), N'2 năm', 11500000, NULL);
INSERT HopDongLaoDong (maHopDong, tuNgay, denNgay, loaiHopDong, luongCoBan, moTa) VALUES (N'HD077', CAST(N'2023-05-08' AS Date), CAST(N'2024-05-08' AS Date), N'1 năm', 12600000, NULL);
INSERT HopDongLaoDong (maHopDong, tuNgay, denNgay, loaiHopDong, luongCoBan, moTa) VALUES (N'HD078', CAST(N'2021-11-01' AS Date), CAST(N'2022-11-01' AS Date), N'1 năm', 12000000, NULL);
INSERT HopDongLaoDong (maHopDong, tuNgay, denNgay, loaiHopDong, luongCoBan, moTa) VALUES (N'HD079', CAST(N'2020-11-01' AS Date), CAST(N'2023-11-01' AS Date), N'3 năm', 9000000, NULL);
INSERT HopDongLaoDong (maHopDong, tuNgay, denNgay, loaiHopDong, luongCoBan, moTa) VALUES (N'HD080', CAST(N'2020-11-01' AS Date), CAST(N'2023-11-01' AS Date), N'3 năm', 12500000, NULL);
INSERT HopDongLaoDong (maHopDong, tuNgay, denNgay, loaiHopDong, luongCoBan, moTa) VALUES (N'HD085', CAST(N'2020-03-16' AS Date), CAST(N'2021-03-16' AS Date), N'1 năm', 11000000, NULL);
INSERT HopDongLaoDong (maHopDong, tuNgay, denNgay, loaiHopDong, luongCoBan, moTa) VALUES (N'HD086', CAST(N'2021-03-16' AS Date), CAST(N'2024-03-16' AS Date), N'3 năm', 10000000, NULL);
INSERT HopDongLaoDong (maHopDong, tuNgay, denNgay, loaiHopDong, luongCoBan, moTa) VALUES (N'HD087', CAST(N'2021-03-16' AS Date), CAST(N'2022-03-16' AS Date), N'1 năm', 10000000, NULL);
INSERT HopDongLaoDong (maHopDong, tuNgay, denNgay, loaiHopDong, luongCoBan, moTa) VALUES (N'HD089', CAST(N'2020-11-08' AS Date), CAST(N'2023-11-08' AS Date), N'3 năm', 12500000, NULL);
INSERT HopDongLaoDong (maHopDong, tuNgay, denNgay, loaiHopDong, luongCoBan, moTa) VALUES (N'HD090', CAST(N'2023-05-08' AS Date), CAST(N'2024-05-08' AS Date), N'1 năm', 12000000, NULL);
INSERT HopDongLaoDong (maHopDong, tuNgay, denNgay, loaiHopDong, luongCoBan, moTa) VALUES (N'HD091', CAST(N'2022-03-24' AS Date), CAST(N'2024-03-24' AS Date), N'2 năm', 13375535, NULL);
INSERT HopDongLaoDong (maHopDong, tuNgay, denNgay, loaiHopDong, luongCoBan, moTa) VALUES (N'HD092', CAST(N'2023-04-19' AS Date), CAST(N'2023-04-19' AS Date), N'1 năm', 12840000, NULL);
INSERT HopDongLaoDong (maHopDong, tuNgay, denNgay, loaiHopDong, luongCoBan, moTa) VALUES (N'HD094', CAST(N'2020-04-17' AS Date), CAST(N'2022-04-17' AS Date), N'2 năm', 14000000, NULL);
INSERT HopDongLaoDong (maHopDong, tuNgay, denNgay, loaiHopDong, luongCoBan, moTa) VALUES (N'HD097', CAST(N'2023-05-08' AS Date), CAST(N'2024-05-08' AS Date), N'1 năm', 15500000, NULL);
INSERT HopDongLaoDong (maHopDong, tuNgay, denNgay, loaiHopDong, luongCoBan, moTa) VALUES (N'HD099', CAST(N'2023-03-21' AS Date), CAST(N'2024-03-21' AS Date), N'1 năm', 11000000, NULL);
INSERT HopDongLaoDong (maHopDong, tuNgay, denNgay, loaiHopDong, luongCoBan, moTa) VALUES (N'HD110', CAST(N'2023-03-31' AS Date), CAST(N'2023-03-31' AS Date), N'1 năm', 12000000, NULL);
INSERT HopDongLaoDong (maHopDong, tuNgay, denNgay, loaiHopDong, luongCoBan, moTa) VALUES (N'HD120', CAST(N'2023-05-09' AS Date), CAST(N'2024-05-09' AS Date), N'1 năm', 18900000, NULL);
INSERT HopDongLaoDong (maHopDong, tuNgay, denNgay, loaiHopDong, luongCoBan, moTa) VALUES (N'HD122', CAST(N'2021-10-20' AS Date), CAST(N'2031-10-20' AS Date), N'10 năm', 12000000, NULL);
INSERT HopDongLaoDong (maHopDong, tuNgay, denNgay, loaiHopDong, luongCoBan, moTa) VALUES (N'HD124', CAST(N'2022-03-21' AS Date), CAST(N'2024-03-21' AS Date), N'2 năm', 11000000, NULL);
INSERT HopDongLaoDong (maHopDong, tuNgay, denNgay, loaiHopDong, luongCoBan, moTa) VALUES (N'HD125', CAST(N'2023-09-16' AS Date), CAST(N'2024-09-16' AS Date), N'1 năm', 14375000, NULL);
INSERT HopDongLaoDong (maHopDong, tuNgay, denNgay, loaiHopDong, luongCoBan, moTa) VALUES (N'HD129', CAST(N'2022-05-09' AS Date), CAST(N'2024-05-09' AS Date), N'2 năm', 16000000, NULL);
INSERT HopDongLaoDong (maHopDong, tuNgay, denNgay, loaiHopDong, luongCoBan, moTa) VALUES (N'HD131', CAST(N'2023-05-09' AS Date), CAST(N'2026-05-09' AS Date), N'3 năm', 19950000, NULL);
INSERT HopDongLaoDong (maHopDong, tuNgay, denNgay, loaiHopDong, luongCoBan, moTa) VALUES (N'HD222', CAST(N'2023-05-09' AS Date), CAST(N'2023-12-09' AS Date), N'1 năm', 24000000, NULL);
INSERT HopDongLaoDong (maHopDong, tuNgay, denNgay, loaiHopDong, luongCoBan, moTa) VALUES (N'HD229', CAST(N'2023-09-13' AS Date), CAST(N'2024-09-13' AS Date), N'1 năm', 11770000, NULL);

INSERT NhanVien (maNhanVien, CCCD, hoTen, gioiTinh, ngaySinh, diaChi, SDT, maPhong, maTrinhDo, maChucVu, maHopDong, maTruongPhong, ngayBatDauThuViec, ngayKetThucThuViec, luongThuViec, trangThai) VALUES (N'000', N'348457586', N'Nguyễn Thị Mỹ Nương', N'Nữ', CAST(N'2003-01-14' AS Date), N'90/A Nguyễn Thị Tú, Bình Hưng Hòa B, Bình Tân, TP.Hồ Chí Minh', N'01212121212', N'NC', N'TD000', N'CV000', N'HD000', N'000', NULL, NULL, 0, 1);
INSERT NhanVien (maNhanVien, CCCD, hoTen, gioiTinh, ngaySinh, diaChi, SDT, maPhong, maTrinhDo, maChucVu, maHopDong, maTruongPhong, ngayBatDauThuViec, ngayKetThucThuViec, luongThuViec, trangThai) VALUES (N'002', N'181818181', N'Võ Phát Thành ', N'Nam', CAST(N'2003-09-17' AS Date), N'12A Phước Thành, Vĩnh Bình, Châu Thành, An Giang', N'0932133144', N'NS', N'TD002', N'CV002', N'HD002', N'002', NULL, NULL, 0, 1);
INSERT NhanVien (maNhanVien, CCCD, hoTen, gioiTinh, ngaySinh, diaChi, SDT, maPhong, maTrinhDo, maChucVu, maHopDong, maTruongPhong, ngayBatDauThuViec, ngayKetThucThuViec, luongThuViec, trangThai) VALUES (N'003', N'092211331', N'Nguyễn Thị Khánh Huyền ', N'Nữ', CAST(N'2004-03-21' AS Date), N'123 Nguyễn Văn Linh, Bình Hưng, Bình Chánh, TP.Hồ Chí Minh', N'0199199199', N'NS', N'TD003', N'CV003', N'HD003', N'002', NULL, NULL, 0, 1);
INSERT NhanVien (maNhanVien, CCCD, hoTen, gioiTinh, ngaySinh, diaChi, SDT, maPhong, maTrinhDo, maChucVu, maHopDong, maTruongPhong, ngayBatDauThuViec, ngayKetThucThuViec, luongThuViec, trangThai) VALUES (N'004', N'171717171', N'Nguyễn Thị Như Mai', N'Nữ', CAST(N'2001-03-24' AS Date), N'1s Khóm 1, An Phú, An Phú, An Giang', N'012312313', N'KD', N'TD004', N'CV004', N'HD004', N'004', NULL, NULL, 0, 1);
INSERT NhanVien (maNhanVien, CCCD, hoTen, gioiTinh, ngaySinh, diaChi, SDT, maPhong, maTrinhDo, maChucVu, maHopDong, maTruongPhong, ngayBatDauThuViec, ngayKetThucThuViec, luongThuViec, trangThai) VALUES (N'007', N'12121212', N'Trần Văn Khôi ', N'Nam', CAST(N'2001-09-16' AS Date), N'123123 Khóm 1, Phú Hội, An Phú, An Giang', N'0123123132', N'TD', N'TD007', N'CV007', N'HD007', N'007', NULL, NULL, 0, 1);
INSERT NhanVien (maNhanVien, CCCD, hoTen, gioiTinh, ngaySinh, diaChi, SDT, maPhong, maTrinhDo, maChucVu, maHopDong, maTruongPhong, ngayBatDauThuViec, ngayKetThucThuViec, luongThuViec, trangThai) VALUES (N'008', N'13131313', N'Trương Văn Hạnh ', N'Nam', CAST(N'2001-09-16' AS Date), N'110 Khóm 1, Phú Hội, An Phú, An Giang', N'099123123', N'KD', N'TD008', N'CV008', N'HD008', N'004', NULL, NULL, 0, 1);
INSERT NhanVien (maNhanVien, CCCD, hoTen, gioiTinh, ngaySinh, diaChi, SDT, maPhong, maTrinhDo, maChucVu, maHopDong, maTruongPhong, ngayBatDauThuViec, ngayKetThucThuViec, luongThuViec, trangThai) VALUES (N'009', N'15151515', N'Huỳnh Thanh Hùng', N'Nam', CAST(N'2000-04-09' AS Date), N'TDUV12 Khóm 1, An Phú, An Phú, An Giang', N'0123123123', N'TD', N'TD009', N'CV009', N'HD009', N'007', NULL, NULL, 0, 1);
INSERT NhanVien (maNhanVien, CCCD, hoTen, gioiTinh, ngaySinh, diaChi, SDT, maPhong, maTrinhDo, maChucVu, maHopDong, maTruongPhong, ngayBatDauThuViec, ngayKetThucThuViec, luongThuViec, trangThai) VALUES (N'011', N'12120968', N'Nguyễn Văn Lên ', N'Nam', CAST(N'2001-09-16' AS Date), N'111 Khóm 1, Phú Hội, An Phú, An Giang', N'0123123123', N'KD', N'TD011', N'CV011', N'HD011', N'004', NULL, NULL, 0, 0);
INSERT NhanVien (maNhanVien, CCCD, hoTen, gioiTinh, ngaySinh, diaChi, SDT, maPhong, maTrinhDo, maChucVu, maHopDong, maTruongPhong, ngayBatDauThuViec, ngayKetThucThuViec, luongThuViec, trangThai) VALUES (N'012', N'13132298', N'Nguyễn Văn Bảo ', N'Nam', CAST(N'2000-05-08' AS Date), N'123 Khóm 1, An Phú, An Phú, An Giang', N'0123123123', N'KD', N'TD012', N'CV012', N'HD012', N'004', NULL, NULL, 0, 0);
INSERT NhanVien (maNhanVien, CCCD, hoTen, gioiTinh, ngaySinh, diaChi, SDT, maPhong, maTrinhDo, maChucVu, maHopDong, maTruongPhong, ngayBatDauThuViec, ngayKetThucThuViec, luongThuViec, trangThai) VALUES (N'014', N'20202020', N'Nguyễn Văn Phúc', N'Nam', CAST(N'2018-03-31' AS Date), N'4f Tân Thạnh, Tân Phú, Châu Thành, An Giang', N'0123123123', N'KD', N'TD014', N'CV014', N'HD014', N'004', NULL, NULL, 0, 1);
INSERT NhanVien (maNhanVien, CCCD, hoTen, gioiTinh, ngaySinh, diaChi, SDT, maPhong, maTrinhDo, maChucVu, maHopDong, maTruongPhong, ngayBatDauThuViec, ngayKetThucThuViec, luongThuViec, trangThai) VALUES (N'016', N'73636473', N'Nguyễn Thanh Đức', N'Nam', CAST(N'2000-04-19' AS Date), N'111 Khóm 1, An Phú, An Phú, An Giang', N'0123123123', N'NS', N'TD016', N'CV016',  N'HD014', N'002', CAST(N'2023-03-20' AS Date), CAST(N'2023-03-20' AS Date), 12000000, 1);
INSERT NhanVien (maNhanVien, CCCD, hoTen, gioiTinh, ngaySinh, diaChi, SDT, maPhong, maTrinhDo, maChucVu, maHopDong, maTruongPhong, ngayBatDauThuViec, ngayKetThucThuViec, luongThuViec, trangThai) VALUES (N'017', N'84546373', N'Phùng Thanh Độ', N'Nam', CAST(N'1989-05-09' AS Date), N'12A Nguyễn Văn Linh, Bình Hưng, Bình Chánh, TP.Hồ Chí Minh', N'0123123123', N'KD', N'TD017', N'CV017', N'HD017', N'004', CAST(N'2023-03-20' AS Date), CAST(N'2023-03-20' AS Date), 8000000, 1);
INSERT NhanVien (maNhanVien, CCCD, hoTen, gioiTinh, ngaySinh, diaChi, SDT, maPhong, maTrinhDo, maChucVu, maHopDong, maTruongPhong, ngayBatDauThuViec, ngayKetThucThuViec, luongThuViec, trangThai) VALUES (N'022', N'187187187', N'Lê Quan Phát', N'Nam', CAST(N'2003-11-22' AS Date), N'12A Trần Kế Xương, Phường 03, Bình Thạnh, TP.Hồ Chí Minh', N'0123123123', N'TCKT', N'TD022', N'CV022', N'HD017', N'022', CAST(N'2023-04-28' AS Date), CAST(N'2023-07-28' AS Date), 11000000, 1);
INSERT NhanVien (maNhanVien, CCCD, hoTen, gioiTinh, ngaySinh, diaChi, SDT, maPhong, maTrinhDo, maChucVu, maHopDong, maTruongPhong, ngayBatDauThuViec, ngayKetThucThuViec, luongThuViec, trangThai) VALUES (N'023', N'985985985', N'Trương Huỳnh Khang ', N'Nam', CAST(N'2000-05-09' AS Date), N'157/89 Khóm 1, An Phú, An Phú, An Giang', N'0200986711', N'KD', N'TD023', N'CV023', N'HD017', N'004', CAST(N'2023-04-28' AS Date), CAST(N'2023-06-28' AS Date), 12500000, 1);
INSERT NhanVien (maNhanVien, CCCD, hoTen, gioiTinh, ngaySinh, diaChi, SDT, maPhong, maTrinhDo, maChucVu, maHopDong, maTruongPhong, ngayBatDauThuViec, ngayKetThucThuViec, luongThuViec, trangThai) VALUES (N'024', N'966955922', N'Huỳnh Văn Đạt ', N'Nam', CAST(N'2001-05-09' AS Date), N'12 Quang Trung, phường 02, quận 4, TPHCM', N'0321141169', N'TCKT', N'TD024', N'CV024', N'HD017', N'022', CAST(N'2023-04-28' AS Date), CAST(N'2023-09-28' AS Date), 14000000, 1);
INSERT NhanVien (maNhanVien, CCCD, hoTen, gioiTinh, ngaySinh, diaChi, SDT, maPhong, maTrinhDo, maChucVu, maHopDong, maTruongPhong, ngayBatDauThuViec, ngayKetThucThuViec, luongThuViec, trangThai) VALUES (N'025', N'199188177', N'Trần Ngọc Thảo Ngân', N'Nữ', CAST(N'2003-06-09' AS Date), N'111 Lê Duẫn, Phường 01, TP.Cà Mau, Cà Mau', N'012121212', N'KTCN', N'TD025', N'CV025', N'HD017', N'025', CAST(N'2023-04-28' AS Date), CAST(N'2023-09-28' AS Date), 11000000, 1);
INSERT NhanVien (maNhanVien, CCCD, hoTen, gioiTinh, ngaySinh, diaChi, SDT, maPhong, maTrinhDo, maChucVu, maHopDong, maTruongPhong, ngayBatDauThuViec, ngayKetThucThuViec, luongThuViec, trangThai) VALUES (N'033', N'131313131', N'Trương Thành Danh', N'Nam', CAST(N'1998-08-04' AS Date), N'101 Khóm 1, Phú Hội, An Phú, An Giang', N'099099099', N'KTCN', N'TD033', N'CV033', N'HD033', N'025', CAST(N'2023-03-19' AS Date), CAST(N'2026-03-19' AS Date), 9000000, 0);
INSERT NhanVien (maNhanVien, CCCD, hoTen, gioiTinh, ngaySinh, diaChi, SDT, maPhong, maTrinhDo, maChucVu, maHopDong, maTruongPhong, ngayBatDauThuViec, ngayKetThucThuViec, luongThuViec, trangThai) VALUES (N'034', N'121212121', N'Nguyễn Văn Thành ', N'Nam', CAST(N'2000-04-19' AS Date), N'123 Khóm 1, Phú Hội, An Phú, An Giang', N'0111222333', N'KTCN', N'TD034', N'CV034', N'HD034', N'025', NULL, NULL, 0, 0);
INSERT NhanVien (maNhanVien, CCCD, hoTen, gioiTinh, ngaySinh, diaChi, SDT, maPhong, maTrinhDo, maChucVu, maHopDong, maTruongPhong, ngayBatDauThuViec, ngayKetThucThuViec, luongThuViec, trangThai) VALUES (N'043', N'012322221', N'Nguyễn Thị Giang ', N'Nữ', CAST(N'2001-09-16' AS Date), N'157/89 Dương Bá Trạc, phường 01, quận 8, TPHCM', N'0923133156', N'NC', N'TD043', N'CV043', N'HD043', N'000', NULL, NULL, 0, 1);
INSERT NhanVien (maNhanVien, CCCD, hoTen, gioiTinh, ngaySinh, diaChi, SDT, maPhong, maTrinhDo, maChucVu, maHopDong, maTruongPhong, ngayBatDauThuViec, ngayKetThucThuViec, luongThuViec, trangThai) VALUES (N'045', N'141414141', N'Mai Văn Cảnh ', N'Nam', CAST(N'2001-03-07' AS Date), N'19/8A Khu phố 2, Phước Hưng, TP.Bà Rịa, Bà Rịa Vũng Tàu', N'0123123123', N'NC', N'TD045', N'CV045', N'HD045', N'000', CAST(N'2022-10-18' AS Date), CAST(N'2024-10-18' AS Date), 8000000, 1);
INSERT NhanVien (maNhanVien, CCCD, hoTen, gioiTinh, ngaySinh, diaChi, SDT, maPhong, maTrinhDo, maChucVu, maHopDong, maTruongPhong, ngayBatDauThuViec, ngayKetThucThuViec, luongThuViec, trangThai) VALUES (N'061', N'777666555', N'Nguyễn Văn Anh', N'Nam', CAST(N'2003-12-23' AS Date), N'1 Nguyễn Văn Linh, Bình Hưng, Bình Chánh, TP.Hồ Chí Minh', N'0123123135', N'KTCN', N'TD061', N'CV061', N'HD061', N'025', NULL, NULL, 0, 1);
INSERT NhanVien (maNhanVien, CCCD, hoTen, gioiTinh, ngaySinh, diaChi, SDT, maPhong, maTrinhDo, maChucVu, maHopDong, maTruongPhong, ngayBatDauThuViec, ngayKetThucThuViec, luongThuViec, trangThai) VALUES (N'062', N'987987154', N'Nguyễn Thị Tuyết Nga ', N'Nữ', CAST(N'2002-05-09' AS Date), N'123 Hà Hoàng Hổ, phường 10, quận 3, TPHCM', N'0368198198', N'KTCN', N'TD062', N'CV062', N'HD062', N'025', NULL, NULL, 0, 1);
INSERT NhanVien (maNhanVien, CCCD, hoTen, gioiTinh, ngaySinh, diaChi, SDT, maPhong, maTrinhDo, maChucVu, maHopDong, maTruongPhong, ngayBatDauThuViec, ngayKetThucThuViec, luongThuViec, trangThai) VALUES (N'067', N'987789987', N'Lê Thị Huệ', N'Nữ', CAST(N'2000-11-20' AS Date), N'157/89 Dương Bá Trạc,phường 01, quận 8, TPHCM', N'01414141414', N'NS', N'TD067', N'CV067', N'HD067', N'002', NULL, NULL, 0, 0);
INSERT NhanVien (maNhanVien, CCCD, hoTen, gioiTinh, ngaySinh, diaChi, SDT, maPhong, maTrinhDo, maChucVu, maHopDong, maTruongPhong, ngayBatDauThuViec, ngayKetThucThuViec, luongThuViec, trangThai) VALUES (N'068', N'987987789', N'Tăng Hồng Nguyên Đán', N'Nam', CAST(N'2003-06-06' AS Date), N'12S Nguyễn Văn Linh, Bình Hưng, Bình Chánh, TP.Hồ Chí Minh', N'0123123123', N'KTCN', N'TD068', N'CV068', N'HD068', N'025', NULL, NULL, 0, 0);
INSERT NhanVien (maNhanVien, CCCD, hoTen, gioiTinh, ngaySinh, diaChi, SDT, maPhong, maTrinhDo, maChucVu, maHopDong, maTruongPhong, ngayBatDauThuViec, ngayKetThucThuViec, luongThuViec, trangThai) VALUES (N'069', N'037503751', N'Nguyễn Văn Chương', N'Nam', CAST(N'2006-03-21' AS Date), N'TDUV12A Khóm 1, An Phú, An Phú, An Giang', N'0123123132', N'NS', N'TD069', N'CV069', N'HD069', N'002', NULL, NULL, 0, 1);
INSERT NhanVien (maNhanVien, CCCD, hoTen, gioiTinh, ngaySinh, diaChi, SDT, maPhong, maTrinhDo, maChucVu, maHopDong, maTruongPhong, ngayBatDauThuViec, ngayKetThucThuViec, luongThuViec, trangThai) VALUES (N'070', N'678876678', N'Đỗ Thị Như Như', N'Nữ', CAST(N'2000-04-09' AS Date), N'1 Nguyễn Văn Linh, Bình Hưng, Bình Chánh, TP.Hồ Chí Minh', N'0123123132', N'KTCN', N'TD070', N'CV070', N'HD070', N'025', CAST(N'2023-04-02' AS Date), CAST(N'2026-04-02' AS Date), 11500000, 1);
INSERT NhanVien (maNhanVien, CCCD, hoTen, gioiTinh, ngaySinh, diaChi, SDT, maPhong, maTrinhDo, maChucVu, maHopDong, maTruongPhong, ngayBatDauThuViec, ngayKetThucThuViec, luongThuViec, trangThai) VALUES (N'071', N'123123123', N'Trần Văn An', N'Nam', CAST(N'2000-04-02' AS Date), N'TDUV12F/A Nguyễn Văn Linh, Bình Hưng, Bình Chánh, TP.Hồ Chí Minh', N'0123123132', N'NS', N'TD071', N'CV071', N'HD071', N'002', NULL, NULL, 0, 0);
INSERT NhanVien (maNhanVien, CCCD, hoTen, gioiTinh, ngaySinh, diaChi, SDT, maPhong, maTrinhDo, maChucVu, maHopDong, maTruongPhong, ngayBatDauThuViec, ngayKetThucThuViec, luongThuViec, trangThai) VALUES (N'073', N'543678912', N'Nguyễn Văn Anh Khôi', N'Nữ', CAST(N'1993-03-31' AS Date), N'TDUV123 Nguyễn Văn Linh, Bình Hưng, Bình Chánh, TP.Hồ Chí Minh', N'0123123132', N'KTCN', N'TD073', N'CV073', N'HD073', N'025', NULL, NULL, 0, 1);
INSERT NhanVien (maNhanVien, CCCD, hoTen, gioiTinh, ngaySinh, diaChi, SDT, maPhong, maTrinhDo, maChucVu, maHopDong, maTruongPhong, ngayBatDauThuViec, ngayKetThucThuViec, luongThuViec, trangThai) VALUES (N'074', N'098987876', N'Lê Văn Nhanh ', N'Nam', CAST(N'2001-09-16' AS Date), N'123 Khóm 1, Phú Hội, An Phú, An Giang', N'0123123123', N'KTCN', N'TD074', N'CV074', N'HD074', N'025', NULL, NULL, 0, 1);
INSERT NhanVien (maNhanVien, CCCD, hoTen, gioiTinh, ngaySinh, diaChi, SDT, maPhong, maTrinhDo, maChucVu, maHopDong, maTruongPhong, ngayBatDauThuViec, ngayKetThucThuViec, luongThuViec, trangThai) VALUES (N'075', N'000777512', N'Nguyễn Thanh Bình ', N'Nam', CAST(N'1992-03-21' AS Date), N'12 Nguyễn Văn Linh, Bình Hưng, Bình Chánh, TP.Hồ Chí Minh', N'099112861', N'NC', N'TD075', N'CV075', N'HD075', N'000', NULL, NULL, 0, 1);
INSERT NhanVien (maNhanVien, CCCD, hoTen, gioiTinh, ngaySinh, diaChi, SDT, maPhong, maTrinhDo, maChucVu, maHopDong, maTruongPhong, ngayBatDauThuViec, ngayKetThucThuViec, luongThuViec, trangThai) VALUES (N'076', N'324672214', N'Nguyễn Thị Bích', N'Nữ', CAST(N'2003-04-28' AS Date), N'TDUV12A Khóm 1, An Phú, An Phú, An Giang', N'0123123123', N'KTCN', N'TD076', N'CV076', N'HD076', N'025', NULL, NULL, 0, 1);
INSERT NhanVien (maNhanVien, CCCD, hoTen, gioiTinh, ngaySinh, diaChi, SDT, maPhong, maTrinhDo, maChucVu, maHopDong, maTruongPhong, ngayBatDauThuViec, ngayKetThucThuViec, luongThuViec, trangThai) VALUES (N'077', N'345345678', N'Huỳnh Văn Fhương', N'Nam', CAST(N'2000-05-08' AS Date), N'TDUV123 Khóm 1, An Phú, An Phú, An Giang', N'0123123123', N'NS', N'TD077', N'CV077', N'HD077', N'002', NULL, NULL, 0, 1);
INSERT NhanVien (maNhanVien, CCCD, hoTen, gioiTinh, ngaySinh, diaChi, SDT, maPhong, maTrinhDo, maChucVu, maHopDong, maTruongPhong, ngayBatDauThuViec, ngayKetThucThuViec, luongThuViec, trangThai) VALUES (N'078', N'678122122', N'Nguyễn Văn Đông ', N'Nam', CAST(N'2000-05-09' AS Date), N'190 Nguyễn Văn Linh, Bình Hưng, Bình Chánh, TP.Hồ Chí Minh', N'0123123123', N'TCKT', N'TD078', N'CV078', N'HD078', N'022', NULL, NULL, 0, 1);
INSERT NhanVien (maNhanVien, CCCD, hoTen, gioiTinh, ngaySinh, diaChi, SDT, maPhong, maTrinhDo, maChucVu, maHopDong, maTruongPhong, ngayBatDauThuViec, ngayKetThucThuViec, luongThuViec, trangThai) VALUES (N'079', N'977655433', N'Lê Thanh Quy', N'Nam', CAST(N'2003-04-28' AS Date), N'TDUV476C Khóm 1, An Phú, An Phú, An Giang', N'0987987987', N'KTCN', N'TD079', N'CV079', N'HD079', N'025', NULL, NULL, 0, 1);
INSERT NhanVien (maNhanVien, CCCD, hoTen, gioiTinh, ngaySinh, diaChi, SDT, maPhong, maTrinhDo, maChucVu, maHopDong, maTruongPhong, ngayBatDauThuViec, ngayKetThucThuViec, luongThuViec, trangThai) VALUES (N'080', N'099088077', N'Nguyễn Thị Hồng Như', N'Nữ', CAST(N'2000-05-09' AS Date), N'TDUV129A Khóm 1, An Phú, An Phú, An Giang', N'0123123123', N'KTCN', N'TD080', N'CV080', N'HD080', N'025', NULL, NULL, 0, 1);
INSERT NhanVien (maNhanVien, CCCD, hoTen, gioiTinh, ngaySinh, diaChi, SDT, maPhong, maTrinhDo, maChucVu, maHopDong, maTruongPhong, ngayBatDauThuViec, ngayKetThucThuViec, luongThuViec, trangThai) VALUES (N'085', N'000111222', N'Hồ Đỗ Hoàng Khang', N'Nam', CAST(N'2003-03-02' AS Date), N'157/89 Khóm 1, Phú Hội, An Phú, An Giang', N'0123123123', N'KTCN', N'TD085', N'CV085', N'HD085', N'025', NULL, NULL, 0, 1);
INSERT NhanVien (maNhanVien, CCCD, hoTen, gioiTinh, ngaySinh, diaChi, SDT, maPhong, maTrinhDo, maChucVu, maHopDong, maTruongPhong, ngayBatDauThuViec, ngayKetThucThuViec, luongThuViec, trangThai) VALUES (N'086', N'123123333', N'Trương Hoàng Thái', N'Nam', CAST(N'2002-07-16' AS Date), N'90/1 Nguyễn Văn Linh, Bình Hưng, Bình Chánh, TP.Hồ Chí Minh', N'0123123132', N'KTCN', N'TD086', N'CV086', N'HD086', N'025', NULL, NULL, 0, 1);
INSERT NhanVien (maNhanVien, CCCD, hoTen, gioiTinh, ngaySinh, diaChi, SDT, maPhong, maTrinhDo, maChucVu, maHopDong, maTruongPhong, ngayBatDauThuViec, ngayKetThucThuViec, luongThuViec, trangThai) VALUES (N'087', N'012312000', N'Huỳnh Thanh Khôi', N'Nam', CAST(N'1996-03-04' AS Date), N'15 Cao Lỗ, phường 4, quận 8, TPHCM', N'02991213123', N'KTCN', N'TD087', N'CV087', N'HD087', N'025', NULL, NULL, 0, 1);
INSERT NhanVien (maNhanVien, CCCD, hoTen, gioiTinh, ngaySinh, diaChi, SDT, maPhong, maTrinhDo, maChucVu, maHopDong, maTruongPhong, ngayBatDauThuViec, ngayKetThucThuViec, luongThuViec, trangThai) VALUES (N'089', N'123123132', N'Trần Xuân Danh', N'Nam', CAST(N'2003-10-17' AS Date), N'146 Nam Kì, phường 13, quận 6, TPHCM', N'0967167167', N'NS', N'TD089', N'CV089', N'HD089', N'002', NULL, NULL, 0, 1);
INSERT NhanVien (maNhanVien, CCCD, hoTen, gioiTinh, ngaySinh, diaChi, SDT, maPhong, maTrinhDo, maChucVu, maHopDong, maTruongPhong, ngayBatDauThuViec, ngayKetThucThuViec, luongThuViec, trangThai) VALUES (N'090', N'123432156', N'Đỗ Thị Cẩm Tiên', N'Nữ', CAST(N'2003-11-04' AS Date), N'88A Nguyễn Văn Linh, Bình Hưng, Bình Chánh, TP.Hồ Chí Minh', N'0922122133', N'NS', N'TD090', N'CV090', N'HD090', N'002', NULL, NULL, 0, 1);
INSERT NhanVien (maNhanVien, CCCD, hoTen, gioiTinh, ngaySinh, diaChi, SDT, maPhong, maTrinhDo, maChucVu, maHopDong, maTruongPhong, ngayBatDauThuViec, ngayKetThucThuViec, luongThuViec, trangThai) VALUES (N'091', N'000011111', N'Trương Thị Cẩm Tú', N'Nữ', CAST(N'2003-05-03' AS Date), N'157/89 Dương Bá Trạc,phường 01, quận 8, TPHCM', N'0121212445', N'KTCN', N'TD091', N'CV091', N'HD091', N'025', NULL, NULL, 0, 1);
INSERT NhanVien (maNhanVien, CCCD, hoTen, gioiTinh, ngaySinh, diaChi, SDT, maPhong, maTrinhDo, maChucVu, maHopDong, maTruongPhong, ngayBatDauThuViec, ngayKetThucThuViec, luongThuViec, trangThai) VALUES (N'092', N'014401441', N'Nguyễn Ngọc Huy ', N'Nam', CAST(N'2003-09-10' AS Date), N'69A Nguyễn Văn Linh, Bình Hưng, Bình Chánh, TP.Hồ Chí Minh', N'0123123132', N'KTCN', N'TD092', N'CV092', N'HD092', N'025', NULL, NULL, 0, 1);
INSERT NhanVien (maNhanVien, CCCD, hoTen, gioiTinh, ngaySinh, diaChi, SDT, maPhong, maTrinhDo, maChucVu, maHopDong, maTruongPhong, ngayBatDauThuViec, ngayKetThucThuViec, luongThuViec, trangThai) VALUES (N'094', N'123123321', N'Nguyễn Thành Thanh ', N'Nam', CAST(N'2003-04-28' AS Date), N'485 Tân Thạnh, Tân Phú, Châu Thành, An Giang', N'0123123123', N'NS', N'TD094', N'CV094', N'HD094', N'002', CAST(N'2023-04-02' AS Date), CAST(N'2023-04-20' AS Date), 11200000, 0);
INSERT NhanVien (maNhanVien, CCCD, hoTen, gioiTinh, ngaySinh, diaChi, SDT, maPhong, maTrinhDo, maChucVu, maHopDong, maTruongPhong, ngayBatDauThuViec, ngayKetThucThuViec, luongThuViec, trangThai) VALUES (N'095', N'098778945', N'Nguyến Thị Sang ', N'Nữ', CAST(N'2001-04-19' AS Date), N'134A Hai Bà Trưng, Dĩ An, TP.Dĩ An, Bình Dương', N'0123123123', N'NS', N'TD095', N'CV095', N'HD017', N'002', CAST(N'2023-04-19' AS Date), CAST(N'2023-09-19' AS Date), 12000000, 1);
INSERT NhanVien (maNhanVien, CCCD, hoTen, gioiTinh, ngaySinh, diaChi, SDT, maPhong, maTrinhDo, maChucVu, maHopDong, maTruongPhong, ngayBatDauThuViec, ngayKetThucThuViec, luongThuViec, trangThai) VALUES (N'097', N'124124124', N'Lý Thành Thanh', N'Nam', CAST(N'2003-04-09' AS Date), N'86H Ngô Gia Tự, Tân An, Ninh Kiều, Cần Thơ', N'0155155155', N'NS', N'TD097', N'CV097', N'HD097', N'002', NULL, NULL, 0, 1);
INSERT NhanVien (maNhanVien, CCCD, hoTen, gioiTinh, ngaySinh, diaChi, SDT, maPhong, maTrinhDo, maChucVu, maHopDong, maTruongPhong, ngayBatDauThuViec, ngayKetThucThuViec, luongThuViec, trangThai) VALUES (N'099', N'123412341', N'Nguyễn Văn Phương', N'Nam', CAST(N'2000-05-09' AS Date), N'12A Tân Lợi, Tân Phú, Châu Thành, An Giang', N'0123123123', N'NC', N'TD099', N'CV099', N'HD099', N'000', NULL, NULL, 0, 0);
INSERT NhanVien (maNhanVien, CCCD, hoTen, gioiTinh, ngaySinh, diaChi, SDT, maPhong, maTrinhDo, maChucVu, maHopDong, maTruongPhong, ngayBatDauThuViec, ngayKetThucThuViec, luongThuViec, trangThai) VALUES (N'110', N'188822344', N'Trương Thái Huyền ', N'Nam', CAST(N'2002-04-28' AS Date), N'485 Tân Thạnh, Tân Phú, Châu Thành, An Giang', N'0123132123', N'NS', N'TD110', N'CV110', N'HD110', N'002', NULL, NULL, 0, 0);
INSERT NhanVien (maNhanVien, CCCD, hoTen, gioiTinh, ngaySinh, diaChi, SDT, maPhong, maTrinhDo, maChucVu, maHopDong, maTruongPhong, ngayBatDauThuViec, ngayKetThucThuViec, luongThuViec, trangThai) VALUES (N'111', N'987786124', N'Nguyễn Thị Diễm My', N'Nữ', CAST(N'2003-01-23' AS Date), N'12A Tân Lợi, Tân Phú, Châu Thành, An Giang', N'0123123123', N'NS', N'TD111', N'CV111', N'HD017', N'002', CAST(N'2023-05-08' AS Date), CAST(N'2023-05-08' AS Date), 8800000, 1);
INSERT NhanVien (maNhanVien, CCCD, hoTen, gioiTinh, ngaySinh, diaChi, SDT, maPhong, maTrinhDo, maChucVu, maHopDong, maTruongPhong, ngayBatDauThuViec, ngayKetThucThuViec, luongThuViec, trangThai) VALUES (N'120', N'123776144', N'Huỳnh Thị Nguyên ', N'Nữ', CAST(N'2001-02-08' AS Date), N'123 Khóm 1, Phú Hội, An Phú, An Giang', N'0111222333', N'KTCN', N'TD120', N'CV120', N'HD120', N'025', NULL, NULL, 0, 1);
INSERT NhanVien (maNhanVien, CCCD, hoTen, gioiTinh, ngaySinh, diaChi, SDT, maPhong, maTrinhDo, maChucVu, maHopDong, maTruongPhong, ngayBatDauThuViec, ngayKetThucThuViec, luongThuViec, trangThai) VALUES (N'122', N'112312312', N'Trần Thị Chiêu', N'Nữ', CAST(N'2000-05-08' AS Date), N'TDUV12A Khóm 1, An Phú, An Phú, An Giang', N'0123123132', N'NS', N'TD122', N'CV122', N'HD122', N'002', NULL, NULL, 0, 0);
INSERT NhanVien (maNhanVien, CCCD, hoTen, gioiTinh, ngaySinh, diaChi, SDT, maPhong, maTrinhDo, maChucVu, maHopDong, maTruongPhong, ngayBatDauThuViec, ngayKetThucThuViec, luongThuViec, trangThai) VALUES (N'123', N'123765987', N'Trương Thị Hoàng ', N'Nữ', CAST(N'2001-09-16' AS Date), N'TDUV123 Nguyễn Văn Linh, Bình Hưng, Bình Chánh, TP.Hồ Chí Minh', N'0123123132', N'NS', N'TD123', N'CV123', N'HD017', N'002', CAST(N'2023-05-08' AS Date), CAST(N'2023-09-08' AS Date), 8000000, 1);
INSERT NhanVien (maNhanVien, CCCD, hoTen, gioiTinh, ngaySinh, diaChi, SDT, maPhong, maTrinhDo, maChucVu, maHopDong, maTruongPhong, ngayBatDauThuViec, ngayKetThucThuViec, luongThuViec, trangThai) VALUES (N'124', N'836484959', N'Trương Thị Mai Hoa', N'Nữ', CAST(N'2001-05-09' AS Date), N'12 Nguyễn Văn Linh, Bình Hưng, Bình Chánh, TP.Hồ Chí Minh', N'099112861', N'KTCN', N'TD124', N'CV124', N'HD124', N'025', NULL, NULL, 0, 1);
INSERT NhanVien (maNhanVien, CCCD, hoTen, gioiTinh, ngaySinh, diaChi, SDT, maPhong, maTrinhDo, maChucVu, maHopDong, maTruongPhong, ngayBatDauThuViec, ngayKetThucThuViec, luongThuViec, trangThai) VALUES (N'125', N'112214167', N'trương Thị Mỹ Linh', N'Nữ', CAST(N'2000-03-17' AS Date), N'157/89 Khóm 1, Phú Hội, An Phú, An Giang', N'0123123123', N'NS', N'TD125', N'CV125', N'HD125', N'002', CAST(N'2023-05-09' AS Date), CAST(N'2023-08-09' AS Date), 11500000, 1);
INSERT NhanVien (maNhanVien, CCCD, hoTen, gioiTinh, ngaySinh, diaChi, SDT, maPhong, maTrinhDo, maChucVu, maHopDong, maTruongPhong, ngayBatDauThuViec, ngayKetThucThuViec, luongThuViec, trangThai) VALUES (N'127', N'564456765', N'Hồ Thị Mao ', N'Nữ', CAST(N'2001-02-07' AS Date), N'15 Cao Lỗ, phường 4, quận 8, TPHCM', N'02991213123', N'NS', N'TD127', N'CV127', N'HD017', N'002', CAST(N'2023-05-09' AS Date), CAST(N'2023-09-09' AS Date), 9600000, 1);
INSERT NhanVien (maNhanVien, CCCD, hoTen, gioiTinh, ngaySinh, diaChi, SDT, maPhong, maTrinhDo, maChucVu, maHopDong, maTruongPhong, ngayBatDauThuViec, ngayKetThucThuViec, luongThuViec, trangThai) VALUES (N'129', N'090909987', N'Lê Văn Ninh ', N'Nam', CAST(N'2000-04-02' AS Date), N'146 Nam Kì, phường 13, quận 6, TPHCM', N'0967167167', N'TCKT', N'TD129', N'CV129', N'HD129', N'022', NULL, NULL, 0, 1);
INSERT NhanVien (maNhanVien, CCCD, hoTen, gioiTinh, ngaySinh, diaChi, SDT, maPhong, maTrinhDo, maChucVu, maHopDong, maTruongPhong, ngayBatDauThuViec, ngayKetThucThuViec, luongThuViec, trangThai) VALUES (N'131', N'078674412', N'Trương Văn Ong ', N'Nam', CAST(N'2001-03-07' AS Date), N'157/89 Nguyễn Văn Linh, Bình Hưng, Bình Chánh, TP.Hồ Chí Minh', N'0121212445', N'MKT', N'TD131', N'CV131', N'HD131', N'131', NULL, NULL, 0, 1);
INSERT NhanVien (maNhanVien, CCCD, hoTen, gioiTinh, ngaySinh, diaChi, SDT, maPhong, maTrinhDo, maChucVu, maHopDong, maTruongPhong, ngayBatDauThuViec, ngayKetThucThuViec, luongThuViec, trangThai) VALUES (N'139', N'121212546', N'Nguyễn Thị Khả Ái ', N'Nữ', CAST(N'2000-05-09' AS Date), N'12C Kinh Dương Vương, An Lạc, Bình Tân, TP.Hồ Chí Minh', N'0198198198', N'KD', N'TD139', N'CV139', N'HD017', N'139', CAST(N'2023-05-09' AS Date), CAST(N'2023-09-09' AS Date), 12000000, 1);
INSERT NhanVien (maNhanVien, CCCD, hoTen, gioiTinh, ngaySinh, diaChi, SDT, maPhong, maTrinhDo, maChucVu, maHopDong, maTruongPhong, ngayBatDauThuViec, ngayKetThucThuViec, luongThuViec, trangThai) VALUES (N'155', N'876543556', N'Trần Công Thanh Hạo ', N'Nam', CAST(N'2001-04-28' AS Date), N'157/89 Dương Bá Trạc,phường 01, quận 8, TPHCM', N'0121212445', N'KTCN', N'TD155', N'CV155', N'HD017', N'025', CAST(N'2023-05-09' AS Date), CAST(N'2023-06-09' AS Date), 11000000, 1);
INSERT NhanVien (maNhanVien, CCCD, hoTen, gioiTinh, ngaySinh, diaChi, SDT, maPhong, maTrinhDo, maChucVu, maHopDong, maTruongPhong, ngayBatDauThuViec, ngayKetThucThuViec, luongThuViec, trangThai) VALUES (N'159', N'124412567', N'Hà Thị Trinh Hoàng ', N'Nữ', CAST(N'2001-03-07' AS Date), N'69A Nguyễn Văn Linh, Bình Hưng, Bình Chánh, TP.Hồ Chí Minh', N'0123123132', N'NS', N'TD159', N'CV159', N'HD017', N'002', CAST(N'2023-05-09' AS Date), CAST(N'2023-09-09' AS Date), 8560000, 1);
INSERT NhanVien (maNhanVien, CCCD, hoTen, gioiTinh, ngaySinh, diaChi, SDT, maPhong, maTrinhDo, maChucVu, maHopDong, maTruongPhong, ngayBatDauThuViec, ngayKetThucThuViec, luongThuViec, trangThai) VALUES (N'222', N'033445510', N'Lê Công Đạt ', N'Nam', CAST(N'2002-04-10' AS Date), N'134A Hai Bà Trưng, Dĩ An, TP.Dĩ An, Bình Dương', N'0123123123', N'KD', N'TD222', N'CV222', N'HD222', N'004', NULL, NULL, 0, 1);
INSERT NhanVien (maNhanVien, CCCD, hoTen, gioiTinh, ngaySinh, diaChi, SDT, maPhong, maTrinhDo, maChucVu, maHopDong, maTruongPhong, ngayBatDauThuViec, ngayKetThucThuViec, luongThuViec, trangThai) VALUES (N'229', N'191181711', N'Huỳnh Thanh Minh Hoang', N'Nam', CAST(N'2000-05-08' AS Date), N'111 Lê Duẫn, Phường 01, TP.Cà Mau, Cà Mau', N'012121212', N'KTCN', N'TD229', N'CV229', N'HD229', N'025', NULL, NULL, 0, 1);

INSERT BangChamCong (maBangChamCong, maNhanVien, thangChamCong, namChamCong, soNgayLamViec, soNgayNghi, soNgayTre, soGioLamThem, chiTiet) VALUES (N'BCC12021002', N'002', 1, 2021, 30, 1, 1, 1, N'T-1/1/2021,N-4/1/2021,TC-21/1/2021-1,');
INSERT BangChamCong (maBangChamCong, maNhanVien, thangChamCong, namChamCong, soNgayLamViec, soNgayNghi, soNgayTre, soGioLamThem, chiTiet) VALUES (N'BCC12021003', N'003', 1, 2021, 31, 0, 0, 0, N'');
INSERT BangChamCong (maBangChamCong, maNhanVien, thangChamCong, namChamCong, soNgayLamViec, soNgayNghi, soNgayTre, soGioLamThem, chiTiet) VALUES (N'BCC12021004', N'004', 1, 2021, 29, 2, 2, 3, N'TC-12/1/2021-1,TC-13/1/2021-1,N-14/1/2021,TC-20/1/2021-1,T-21/1/2021,N-23/1/2021,T-29/1/2021,');
INSERT BangChamCong (maBangChamCong, maNhanVien, thangChamCong, namChamCong, soNgayLamViec, soNgayNghi, soNgayTre, soGioLamThem, chiTiet) VALUES (N'BCC12021007', N'007', 1, 2021, 31, 0, 0, 0, N'');
INSERT BangChamCong (maBangChamCong, maNhanVien, thangChamCong, namChamCong, soNgayLamViec, soNgayNghi, soNgayTre, soGioLamThem, chiTiet) VALUES (N'BCC12021008', N'008', 1, 2021, 31, 0, 0, 0, N'');
INSERT BangChamCong (maBangChamCong, maNhanVien, thangChamCong, namChamCong, soNgayLamViec, soNgayNghi, soNgayTre, soGioLamThem, chiTiet) VALUES (N'BCC12021009', N'009', 1, 2021, 31, 0, 0, 0, N'');
INSERT BangChamCong (maBangChamCong, maNhanVien, thangChamCong, namChamCong, soNgayLamViec, soNgayNghi, soNgayTre, soGioLamThem, chiTiet) VALUES (N'BCC12021014', N'014', 1, 2021, 29, 2, 2, 5, N'N-11/1/2021,N-12/1/2021,TC-19/1/2021-1,TC-20/1/2021-1,T-21/1/2021,T-22/1/2021,TC-31/1/2021-3,');
INSERT BangChamCong (maBangChamCong, maNhanVien, thangChamCong, namChamCong, soNgayLamViec, soNgayNghi, soNgayTre, soGioLamThem, chiTiet) VALUES (N'BCC12021070', N'070', 1, 2021, 29, 2, 1, 6, N'TC-14/1/2021-3,TC-15/1/2021-3,N-19/1/2021,N-20/1/2021,T-29/1/2021,');
INSERT BangChamCong (maBangChamCong, maNhanVien, thangChamCong, namChamCong, soNgayLamViec, soNgayNghi, soNgayTre, soGioLamThem, chiTiet) VALUES (N'BCC12023002', N'002', 1, 2023, 29, 2, 2, 9, N'T-12/1/2023,N-13/1/2023,TC-14/1/2023-3,T-19/1/2023,TC-20/1/2023-3,N-21/1/2023,TC-22/1/2023-3,');
INSERT BangChamCong (maBangChamCong, maNhanVien, thangChamCong, namChamCong, soNgayLamViec, soNgayNghi, soNgayTre, soGioLamThem, chiTiet) VALUES (N'BCC12023009', N'009', 1, 2023, 27, 4, 1, 2, N'N-14/1/2023,N-16/1/2023,N-18/1/2023,T-21/1/2023,N-23/1/2023,TC-29/1/2023-1,TC-30/1/2023-1,');
INSERT BangChamCong (maBangChamCong, maNhanVien, thangChamCong, namChamCong, soNgayLamViec, soNgayNghi, soNgayTre, soGioLamThem, chiTiet) VALUES (N'BCC12023017', N'017', 1, 2023, 30, 1, 0, 0, N'N-31/1/2023,');
INSERT BangChamCong (maBangChamCong, maNhanVien, thangChamCong, namChamCong, soNgayLamViec, soNgayNghi, soNgayTre, soGioLamThem, chiTiet) VALUES (N'BCC12023069', N'069', 1, 2023, 29, 2, 1, 2, N'T-12/1/2023,N-13/1/2023,N-14/1/2023,TC-20/1/2023-1,TC-21/1/2023-1,');
INSERT BangChamCong (maBangChamCong, maNhanVien, thangChamCong, namChamCong, soNgayLamViec, soNgayNghi, soNgayTre, soGioLamThem, chiTiet) VALUES (N'BCC12023070', N'070', 1, 2023, 29, 2, 2, 5, N'TC-7/1/2023-1,N-12/1/2023,N-13/1/2023,T-19/1/2023,T-23/1/2023,TC-29/1/2023-4,');
INSERT BangChamCong (maBangChamCong, maNhanVien, thangChamCong, namChamCong, soNgayLamViec, soNgayNghi, soNgayTre, soGioLamThem, chiTiet) VALUES (N'BCC22021002', N'002', 2, 2021, 28, 3, 0, 1, N'N-10/2/2021,N-12/2/2021,TC-21/2/2021-1,N-28/2/2021,');
INSERT BangChamCong (maBangChamCong, maNhanVien, thangChamCong, namChamCong, soNgayLamViec, soNgayNghi, soNgayTre, soGioLamThem, chiTiet) VALUES (N'BCC22021003', N'003', 2, 2021, 27, 4, 0, 1, N'N-10/2/2021,N-12/2/2021,TC-21/2/2021-1,N-23/2/2021,N-28/2/2021,');
INSERT BangChamCong (maBangChamCong, maNhanVien, thangChamCong, namChamCong, soNgayLamViec, soNgayNghi, soNgayTre, soGioLamThem, chiTiet) VALUES (N'BCC22021004', N'004', 2, 2021, 29, 2, 0, 0, N'N-19/2/2021,N-21/2/2021,');
INSERT BangChamCong (maBangChamCong, maNhanVien, thangChamCong, namChamCong, soNgayLamViec, soNgayNghi, soNgayTre, soGioLamThem, chiTiet) VALUES (N'BCC22021007', N'007', 2, 2021, 25, 3, 0, 0, N'N-10/2/2021,N-12/2/2021,N-28/2/2021,');
INSERT BangChamCong (maBangChamCong, maNhanVien, thangChamCong, namChamCong, soNgayLamViec, soNgayNghi, soNgayTre, soGioLamThem, chiTiet) VALUES (N'BCC22021008', N'008', 2, 2021, 26, 2, 0, 0, N'N-19/2/2021,N-21/2/2021,');
INSERT BangChamCong (maBangChamCong, maNhanVien, thangChamCong, namChamCong, soNgayLamViec, soNgayNghi, soNgayTre, soGioLamThem, chiTiet) VALUES (N'BCC22021009', N'009', 2, 2021, 26, 2, 0, 2, N'N-4/2/2021,TC-21/2/2021-2,N-23/2/2021,');
INSERT BangChamCong (maBangChamCong, maNhanVien, thangChamCong, namChamCong, soNgayLamViec, soNgayNghi, soNgayTre, soGioLamThem, chiTiet) VALUES (N'BCC22021014', N'014', 2, 2021, 26, 2, 0, 2, N'N-4/2/2021,TC-21/2/2021-2,N-23/2/2021,');
INSERT BangChamCong (maBangChamCong, maNhanVien, thangChamCong, namChamCong, soNgayLamViec, soNgayNghi, soNgayTre, soGioLamThem, chiTiet) VALUES (N'BCC22021016', N'016', 2, 2021, 26, 2, 0, 2, N'TC-13/2/2021-1,TC-15/2/2021-1,N-19/2/2021,N-21/2/2021,');
INSERT BangChamCong (maBangChamCong, maNhanVien, thangChamCong, namChamCong, soNgayLamViec, soNgayNghi, soNgayTre, soGioLamThem, chiTiet) VALUES (N'BCC22023069', N'069', 2, 2023, 28, 3, 2, 2, N'N-3/2/2023,N-8/2/2023,TC-14/2/2023-1,N-19/2/2023,TC-21/2/2023-1,T-22/2/2023,T-23/2/2023,');
INSERT BangChamCong (maBangChamCong, maNhanVien, thangChamCong, namChamCong, soNgayLamViec, soNgayNghi, soNgayTre, soGioLamThem, chiTiet) VALUES (N'BCC22023070', N'070', 2, 2023, 25, 3, 2, 8, N'N-5/2/2023,N-11/2/2023,TC-13/2/2023-4,TC-14/2/2023-4,N-22/2/2023,T-26/2/2023,T-27/2/2023,');
INSERT BangChamCong (maBangChamCong, maNhanVien, thangChamCong, namChamCong, soNgayLamViec, soNgayNghi, soNgayTre, soGioLamThem, chiTiet) VALUES (N'BCC32021002', N'002', 3, 2021, 30, 1, 0, 0, N'N-1/3/2021,');
INSERT BangChamCong (maBangChamCong, maNhanVien, thangChamCong, namChamCong, soNgayLamViec, soNgayNghi, soNgayTre, soGioLamThem, chiTiet) VALUES (N'BCC32023002', N'002', 3, 2023, 31, 0, 0, 12, N'TC-22/3/2023-4,TC-29/3/2023-4,TC-31/3/2023-4,');
INSERT BangChamCong (maBangChamCong, maNhanVien, thangChamCong, namChamCong, soNgayLamViec, soNgayNghi, soNgayTre, soGioLamThem, chiTiet) VALUES (N'BCC32023003', N'003', 3, 2023, 29, 2, 0, 12, N'TC-9/3/2023-4,TC-11/3/2023-4,TC-20/3/2023-4,N-29/3/2023,N-30/3/2023,');
INSERT BangChamCong (maBangChamCong, maNhanVien, thangChamCong, namChamCong, soNgayLamViec, soNgayNghi, soNgayTre, soGioLamThem, chiTiet) VALUES (N'BCC32023004', N'004', 3, 2023, 29, 2, 0, 12, N'TC-9/3/2023-4,TC-11/3/2023-4,TC-20/3/2023-4,N-29/3/2023,N-30/3/2023,');
INSERT BangChamCong (maBangChamCong, maNhanVien, thangChamCong, namChamCong, soNgayLamViec, soNgayNghi, soNgayTre, soGioLamThem, chiTiet) VALUES (N'BCC32023069', N'069', 3, 2023, 27, 4, 1, 2, N'N-7/3/2023,N-11/3/2023,TC-13/3/2023-1,TC-14/3/2023-1,T-20/3/2023,N-22/3/2023,N-28/3/2023,');
INSERT BangChamCong (maBangChamCong, maNhanVien, thangChamCong, namChamCong, soNgayLamViec, soNgayNghi, soNgayTre, soGioLamThem, chiTiet) VALUES (N'BCC42021002', N'002', 4, 2021, 29, 2, 1, 2, N'N-12/4/2021,TC-13/4/2021-1,TC-18/4/2021-1,N-21/4/2021,T-28/4/2021,');
INSERT BangChamCong (maBangChamCong, maNhanVien, thangChamCong, namChamCong, soNgayLamViec, soNgayNghi, soNgayTre, soGioLamThem, chiTiet) VALUES (N'BCC42021003', N'003', 4, 2021, 28, 3, 1, 2, N'N-12/4/2021,TC-13/4/2021-1,TC-18/4/2021-1,N-21/4/2021,T-28/4/2021,N-30/4/2021,');
INSERT BangChamCong (maBangChamCong, maNhanVien, thangChamCong, namChamCong, soNgayLamViec, soNgayNghi, soNgayTre, soGioLamThem, chiTiet) VALUES (N'BCC42021004', N'004', 4, 2021, 27, 3, 0, 0, N'N-1/4/2021,N-22/4/2021,N-28/4/2021,');
INSERT BangChamCong (maBangChamCong, maNhanVien, thangChamCong, namChamCong, soNgayLamViec, soNgayNghi, soNgayTre, soGioLamThem, chiTiet) VALUES (N'BCC42023002', N'002', 4, 2023, 27, 4, 2, 3, N'N-3/4/2023,N-4/4/2023,TC-12/4/2023-1,TC-13/4/2023-1,TC-14/4/2023-1,N-16/4/2023,T-20/4/2023,T-21/4/2023,N-27/4/2023,');
INSERT BangChamCong (maBangChamCong, maNhanVien, thangChamCong, namChamCong, soNgayLamViec, soNgayNghi, soNgayTre, soGioLamThem, chiTiet) VALUES (N'BCC42023069', N'069', 4, 2023, 27, 4, 2, 3, N'N-3/4/2023,N-4/4/2023,TC-12/4/2023-1,TC-13/4/2023-1,TC-14/4/2023-1,N-16/4/2023,T-20/4/2023,T-21/4/2023,N-27/4/2023,');
INSERT BangChamCong (maBangChamCong, maNhanVien, thangChamCong, namChamCong, soNgayLamViec, soNgayNghi, soNgayTre, soGioLamThem, chiTiet) VALUES (N'BCC52023002', N'002', 5, 2023, 28, 3, 1, 2, N'N-15/5/2023,N-18/5/2023,TC-21/5/2023-1,TC-22/5/2023-1,T-23/5/2023,N-28/5/2023,');
INSERT BangChamCong (maBangChamCong, maNhanVien, thangChamCong, namChamCong, soNgayLamViec, soNgayNghi, soNgayTre, soGioLamThem, chiTiet) VALUES (N'BCC52023003', N'003', 5, 2023, 28, 3, 1, 5, N'N-10/5/2023,T-12/5/2023,N-15/5/2023,TC-20/5/2023-1,TC-21/5/2023-1,TC-23/5/2023-3,N-28/5/2023,');
INSERT BangChamCong (maBangChamCong, maNhanVien, thangChamCong, namChamCong, soNgayLamViec, soNgayNghi, soNgayTre, soGioLamThem, chiTiet) VALUES (N'BCC92023002', N'002', 9, 2023, 28, 2, 2, 0, N'N-11/9/2023,N-12/9/2023,T-21/9/2023,T-22/9/2023,');

INSERT Luong (maLuong, maBangChamCong,  luongCoBan,  khoanTruBaoHiem,  thue) VALUES (N'L12021002', N'BCC12021002',   31526715,  1632587, 5175874);
INSERT Luong (maLuong, maBangChamCong,  luongCoBan,  khoanTruBaoHiem,  thue) VALUES (N'L12021003', N'BCC12021003',   15941832,  802234,  1841833);
INSERT Luong (maLuong, maBangChamCong,  luongCoBan,  khoanTruBaoHiem,  thue) VALUES (N'L12021004', N'BCC12021004',   11298077,  600000,  1844712);
INSERT Luong (maLuong, maBangChamCong,  luongCoBan,  khoanTruBaoHiem,  thue) VALUES (N'L12021007', N'BCC12021007',   9538462,  480000,  752769);
INSERT Luong (maLuong, maBangChamCong,  luongCoBan,  khoanTruBaoHiem,  thue) VALUES (N'L12021008', N'BCC12021008',   16692308,  840000,  1921846);
INSERT Luong (maLuong, maBangChamCong,  luongCoBan,  khoanTruBaoHiem,  thue) VALUES (N'L12021009', N'BCC12021009',   11923077,  600000,  1188462);
INSERT Luong (maLuong, maBangChamCong,  luongCoBan,  khoanTruBaoHiem,  thue) VALUES (N'L12021014', N'BCC12021014',   13673077,  720000, 1336962);
INSERT Luong (maLuong, maBangChamCong,  luongCoBan,  khoanTruBaoHiem,  thue) VALUES (N'L12021070', N'BCC12021070',   18307692,  960000,  1975538);
INSERT Luong (maLuong, maBangChamCong,  luongCoBan,  khoanTruBaoHiem,  thue) VALUES (N'L12023002', N'BCC12023002',   23518895,  1217908,  5028554);
INSERT Luong (maLuong, maBangChamCong,  luongCoBan,  khoanTruBaoHiem,  thue) VALUES (N'L12023009', N'BCC12023009',   10480769,  600000,  912115);
INSERT Luong (maLuong, maBangChamCong,  luongCoBan,  khoanTruBaoHiem,  thue) VALUES (N'L12023017', N'BCC12023017',   9230769,  480000,  971077);
INSERT Luong (maLuong, maBangChamCong,  luongCoBan,  khoanTruBaoHiem,  thue) VALUES (N'L12023069', N'BCC12023069',   12375000,  660000,  1988250);
INSERT Luong (maLuong, maBangChamCong,  luongCoBan,  khoanTruBaoHiem,  thue) VALUES (N'L12023070', N'BCC12023070',   18230769,  960000,  1960154);
INSERT Luong (maLuong, maBangChamCong,  luongCoBan,  khoanTruBaoHiem,  thue) VALUES (N'L22021002', N'BCC22021002',   21957474,  1217908,  2966270);
INSERT Luong (maLuong, maBangChamCong,  luongCoBan,  khoanTruBaoHiem,  thue) VALUES (N'L22021003', N'BCC22021003',   11475962,  660000,  1136394);
INSERT Luong (maLuong, maBangChamCong,  luongCoBan,  khoanTruBaoHiem,  thue) VALUES (N'L22021004', N'BCC22021004',  11153846,  600000,  1073077);
INSERT Luong (maLuong, maBangChamCong,  luongCoBan,  khoanTruBaoHiem,  thue) VALUES (N'L22021007', N'BCC22021007',   7692308,  480000,  567231);
INSERT Luong (maLuong, maBangChamCong,  luongCoBan,  khoanTruBaoHiem,  thue) VALUES (N'L22021008', N'BCC22021008',   14000000,  840000,  1518000);
INSERT Luong (maLuong, maBangChamCong,  luongCoBan,  khoanTruBaoHiem,  thue) VALUES (N'L22021009', N'BCC22021009',   10096154,  600000,  854423);
INSERT Luong (maLuong, maBangChamCong,  luongCoBan,  khoanTruBaoHiem,  thue) VALUES (N'L22021014', N'BCC22021014',   12115385,  720000,  1103308);
INSERT Luong (maLuong, maBangChamCong,  luongCoBan,  khoanTruBaoHiem,  thue) VALUES (N'L22021016', N'BCC22021016',   12115385,  720000,  1103308);
INSERT Luong (maLuong, maBangChamCong,  luongCoBan,  khoanTruBaoHiem,  thue) VALUES (N'L22023069', N'BCC22023069',   11951923,  660000,  1924788);
INSERT Luong (maLuong, maBangChamCong,  luongCoBan,  khoanTruBaoHiem,  thue) VALUES (N'L22023070', N'BCC22023070',   16000000,  960000,  1698000);
INSERT Luong (maLuong, maBangChamCong,  luongCoBan,  khoanTruBaoHiem,  thue) VALUES (N'L32021002', N'BCC32021002',   23421306,  1217908,  3259037);
INSERT Luong (maLuong, maBangChamCong,  luongCoBan,  khoanTruBaoHiem,  thue) VALUES (N'L32023002', N'BCC32023002',  25373081,  1217908,  5399392);
INSERT Luong (maLuong, maBangChamCong,  luongCoBan,  khoanTruBaoHiem,  thue) VALUES (N'L32023003', N'BCC32023003',   12903846,  660000, 2100577);
INSERT Luong (maLuong, maBangChamCong,  luongCoBan,  khoanTruBaoHiem,  thue) VALUES (N'L32023004', N'BCC32023004',   11730769,  600000,  1909615);
INSERT Luong (maLuong, maBangChamCong,  luongCoBan,  khoanTruBaoHiem,  thue) VALUES (N'L32023069', N'BCC32023069',   11528846,  660000, 1861327);


INSERT BaoCaoTuyenDung (maTuyenDung, chucVu, hocVan, yeuCauGioiTinh, yeuCauDoTuoi, soLuongCanTuyen, hanNopHoSo, mucLuongToiThieu, mucLuongToiDa, disable) VALUES (N'BCTD001', N'Chuyên viên SEO', N'12/12', N'Không', N'Không', 5, CAST(N'2023-04-23' AS Date), 10000000, 12000000, FALSE);
INSERT BaoCaoTuyenDung (maTuyenDung, chucVu, hocVan, yeuCauGioiTinh, yeuCauDoTuoi, soLuongCanTuyen, hanNopHoSo, mucLuongToiThieu, mucLuongToiDa, disable) VALUES (N'BCTD002', N'Phó phòng', N'9/9', N'Không', N'18-35', 12, CAST(N'2022-12-12' AS Date), 10000000, 20000000, FALSE);
INSERT BaoCaoTuyenDung (maTuyenDung, chucVu, hocVan, yeuCauGioiTinh, yeuCauDoTuoi, soLuongCanTuyen, hanNopHoSo, mucLuongToiThieu, mucLuongToiDa, disable) VALUES (N'BCTD003', N'Quản lý nhân sự', N'12/12', N'Không', N'18-35', 20, CAST(N'2023-03-31' AS Date), 10000000, 20000000, FALSE);
INSERT BaoCaoTuyenDung (maTuyenDung, chucVu, hocVan, yeuCauGioiTinh, yeuCauDoTuoi, soLuongCanTuyen, hanNopHoSo, mucLuongToiThieu, mucLuongToiDa, disable) VALUES (N'BCTD004', N'Kĩ sư phần mềm', N'Không', N'Nam', N'Không', 12, CAST(N'2023-04-05' AS Date), 9000000, 10000000, FALSE);
INSERT BaoCaoTuyenDung (maTuyenDung, chucVu, hocVan, yeuCauGioiTinh, yeuCauDoTuoi, soLuongCanTuyen, hanNopHoSo, mucLuongToiThieu, mucLuongToiDa, disable) VALUES (N'BCTD005', N'Quản lý nhân sự', N'12/12', N'Không', N'Không', 15, CAST(N'2023-12-28' AS Date), 10000000, 15000000, FALSE);
INSERT BaoCaoTuyenDung (maTuyenDung, chucVu, hocVan, yeuCauGioiTinh, yeuCauDoTuoi, soLuongCanTuyen, hanNopHoSo, mucLuongToiThieu, mucLuongToiDa, disable) VALUES (N'BCTD006', N'Kĩ thuật viên', N'Đại học', N'Nam', N'18-35', 5, CAST(N'2023-08-28' AS Date), 12000000, 15000000, FALSE);

INSERT DotTuyenDung (maTuyenDung , maNhanVien, ngayTuyenDung) VALUE ('BCTD003', '067', CAST(N'2023-05-09' AS Date));
INSERT DotTuyenDung (maTuyenDung , maNhanVien, ngayTuyenDung) VALUE ('BCTD003', '085', CAST(N'2023-09-16' AS Date));
INSERT DotTuyenDung (maTuyenDung , maNhanVien, ngayTuyenDung) VALUE ('BCTD003', '125', CAST(N'2023-05-09' AS Date));
INSERT DotTuyenDung (maTuyenDung , maNhanVien, ngayTuyenDung) VALUE ('BCTD003', '139', CAST(N'2023-05-09' AS Date));
INSERT DotTuyenDung (maTuyenDung , maNhanVien, ngayTuyenDung) VALUE ('BCTD003', '043', CAST(N'2023-05-09' AS Date));
INSERT DotTuyenDung (maTuyenDung , maNhanVien, ngayTuyenDung) VALUE ('BCTD003', '077', CAST(N'2023-05-16' AS Date));
INSERT DotTuyenDung (maTuyenDung , maNhanVien, ngayTuyenDung) VALUE ('BCTD003', '089', CAST(N'2023-05-09' AS Date));
INSERT DotTuyenDung (maTuyenDung , maNhanVien, ngayTuyenDung) VALUE ('BCTD003', '090', CAST(N'2023-05-09' AS Date));
INSERT DotTuyenDung (maTuyenDung , maNhanVien, ngayTuyenDung) VALUE ('BCTD003', '111', CAST(N'2023-05-09' AS Date));
INSERT DotTuyenDung (maTuyenDung , maNhanVien, ngayTuyenDung) VALUE ('BCTD003', '123', CAST(N'2023-05-16' AS Date));
INSERT DotTuyenDung (maTuyenDung , maNhanVien, ngayTuyenDung) VALUE ('BCTD003', '127', CAST(N'2023-05-09' AS Date));
INSERT DotTuyenDung (maTuyenDung , maNhanVien, ngayTuyenDung) VALUE ('BCTD003', '131', CAST(N'2023-05-09' AS Date));
INSERT DotTuyenDung (maTuyenDung , maNhanVien, ngayTuyenDung) VALUE ('BCTD003', '159', CAST(N'2023-05-09' AS Date));
INSERT DotTuyenDung (maTuyenDung , maNhanVien, ngayTuyenDung) VALUE ('BCTD003', '222', CAST(N'2023-05-16' AS Date));

INSERT UngVien (maTuyenDung, maUngVien, CCCD, hoTen, gioiTinh, ngaySinh, diaChi, SDT, danToc, tonGiao, email, mucLuongDeal, maTrinhDo, tenChucVu, trangThai, disable) 
VALUES (N'BCTD002', N'001', N'001145676', N'Nguyễn Văn Thành ', N'Nam', CAST(N'2000-04-19' AS Date), N'111 Lê Duẫn, Phường 01, TP.Cà Mau, Cà Mau', N'012121212', N'Kinh', N'Không', N'vanthanh@gmail.com', 14000000, N'TDUV001', N'Phó phòng', N'Chưa tuyển', FALSE);

INSERT UngVien (maTuyenDung, maUngVien, CCCD, hoTen, gioiTinh, ngaySinh, diaChi, SDT, danToc, tonGiao, email, mucLuongDeal, maTrinhDo, tenChucVu, trangThai, disable) 
VALUES (N'BCTD001', N'002', N'13132298',  N'Nguyễn Thanh Bình ', N'Nam', CAST(N'1992-03-21' AS Date), N'12 Nguyễn Văn Linh, Bình Hưng, Bình Chánh, TP.Hồ Chí Minh', N'099112861', N'Kinh', N'Không', N'thanhbinh@gmail.com', 11500000, N'TDUV002', N'Kĩ thuật viên', N'Đã tuyển', FALSE);

INSERT UngVien (maTuyenDung, maUngVien, CCCD, hoTen, gioiTinh, ngaySinh, diaChi, SDT, danToc, tonGiao, email, mucLuongDeal, maTrinhDo, tenChucVu, trangThai, disable) 
VALUES (N'BCTD002', N'003', N'190976554', N'Nguyễn Thị Hồng Như', N'Nữ', CAST(N'2000-05-09' AS Date), N'TDUV129A Khóm 1, An Phú, An Phú, An Giang', N'0123123123', N'Kinh', N'Không', N'hongnhu@gmail.com', 17000000, N'TDUV003', N'Phó phòng', N'Chưa tuyển', FALSE);

INSERT UngVien (maTuyenDung, maUngVien, CCCD, hoTen, gioiTinh, ngaySinh, diaChi, SDT, danToc, tonGiao, email, mucLuongDeal, maTrinhDo, tenChucVu, trangThai, disable) 
VALUES (N'BCTD003', N'007', N'121212546',  N'Đỗ Thị Cẩm Tiên', N'Nữ', CAST(N'2003-11-04' AS Date), N'12A Khóm 1, An Phú, An Phú, An Giang', N'0121212445', N'Kinh', N'Không', N'mail12345@gmail.com', 15000000, N'TDUV007', N'Quản lý nhân sự', N'Đã tuyển', FALSE);

INSERT UngVien (maTuyenDung, maUngVien, CCCD, hoTen, gioiTinh, ngaySinh, diaChi, SDT, danToc, tonGiao, email, mucLuongDeal, maTrinhDo, tenChucVu, trangThai, disable) 
VALUES (N'BCTD001', N'012', N'345345678', N'Nguyễn Thị Diễm My', N'Nữ', CAST(N'2003-01-23' AS Date), N'157/89 Dương Bá Trạc,phường 01, quận 8, TPHCM', N'0121212445', N'Kinh', N'Không', N'mail@gmail.com', 12000000, N'TDUV012', N'Chuyên viên SEO', N'Đã tuyển', FALSE);

INSERT UngVien (maTuyenDung, maUngVien, CCCD, hoTen, gioiTinh, ngaySinh, diaChi, SDT, danToc, tonGiao, email, mucLuongDeal, maTrinhDo, tenChucVu, trangThai, disable) 
VALUES (N'BCTD002', N'020', N'191181711', N'Hồ Đỗ Hoàng Khang', N'Nam', CAST(N'2003-03-02' AS Date), N'157/89 Khóm 1, Phú Hội, An Phú, An Giang', N'0123123123', N'Kinh', N'Không', N'lequanphat2003@gmail.com', 11000000, N'TDUV020', N'Phó phòng', N'Đã tuyển', FALSE);

INSERT UngVien (maTuyenDung, maUngVien, CCCD, hoTen, gioiTinh, ngaySinh, diaChi, SDT, danToc, tonGiao, email, mucLuongDeal, maTrinhDo, tenChucVu, trangThai, disable) 
VALUES (N'BCTD001', N'055', N'123765987', N'Tăng Hồng Nguyên Đán', N'Nam', CAST(N'2003-06-06' AS Date), N'157/89 Dương Bá Trạc,phường 01, quận 8, TPHCM', N'01414141414', N'Kinh', N'Không', N'huynhthanhk@gmail.com', 10000000, N'TDUV055', N'Chuyên viên SEO', N'Đã tuyển', FALSE);


INSERT Thongbao (maThongBao, tenThongBao, noiDungThongBao, nguoiGui, ngayGui) VALUE (N'TB00001', N'Thông báo tăng ca thêm 2 giờ ngày 15/03/2023', N'Thông báo đến các phòng ban về việc tăng giờ làm việc thêm 2 giờ vào tối ngày 15/03/2023', N'022', CAST(N'2023-03-15' AS Date));
INSERT Thongbao (maThongBao, tenThongBao, noiDungThongBao, nguoiGui, ngayGui) VALUE (N'TB00002', N'Thông báo nghỉ lễ 34/04-01/05', N'Thông báo đến các phòng ban về việc nghỉ lễ vào kì lễ 34/04-01/05, kì nghỉ sẽ kéo dài 5 ngày kể từ ngày 27/04/2023 đến hết ngày 01/05/2023', N'002', CAST(N'2023-04-20' AS Date));